,1,2,3,4,5,6,7,8,9,10,11,12,13,14,15,16,17,18,19,20,21,22,23,24,25,26,27,28,29,30,31,32,33,34,35,36,37,38,39,40,41,42,43,44,45,46,47,48,49,50,51,52,53,54,55,56,57,58,59,60,61,62,63,64,65,66,67,68,69,70,71,72,73,74,75,76,77,78,79,80,81,82,83,84,85,86,87,88,89,90,91,92,93,94,95,96,97,98,99,0,1.1,2.1,3.1,4.1,5.1,6.1,7.1,8.1,9.1,10.1,11.1,12.1,13.1,14.1,15.1,16.1,17.1,18.1,19.1,20.1,21.1,22.1,23.1,24.1,25.1,26.1,27.1,28.1,29.1,30.1,31.1,32.1,33.1,34.1,35.1,36.1,37.1,38.1,39.1,40.1,41.1,42.1,43.1,44.1,45.1,46.1,47.1,48.1,49.1,50.1,51.1,52.1,53.1,54.1,55.1,56.1,57.1,58.1,59.1,60.1,61.1,62.1,63.1,64.1,65.1,66.1,67.1,68.1,69.1,70.1,71.1,72.1,73.1,74.1,75.1,76.1,77.1,78.1,79.1,80.1,81.1,82.1,83.1,84.1,85.1,86.1,87.1,88.1,89.1,90.1,91.1,92.1,93.1,94.1,95.1,96.1,97.1,98.1,0,1,2,3,4,5,6,7,8,9,10,11,12,13,14,15,16,17,18,19,20,21,22,23,24,25,26,27,28,29,30,31,32,33,34,35,36,37,38,39,40,41,42,43,44,45,46,47,48,49,50,51,52,53,54,55,56,57,58,59,60,61,62,63,64,65,66,67,68,69,70,71,72,73,74,75,76,77,78,79,80,81,82,83,84,85,86,87,88,89,90,91,92,93,94,95,96,97,98
0,-9.95,-9.85,-9.75,-9.65,-9.55,-9.45,-9.35,-9.25,-9.15,-9.05,-8.95,-8.85,-8.75,-8.65,-8.55,-8.45,-8.35,-8.25,-8.15,-8.05,-7.95,-7.85,-7.75,-7.65,-7.55,-7.45,-7.35,-7.25,-7.15,-7.05,-6.95,-6.85,-6.75,-6.65,-6.55,-6.45,-6.35,-6.25,-6.15,-6.05,-5.95,-5.85,-5.75,-5.65,-5.55,-5.45,-5.35,-5.25,-5.15,-5.05,-4.95,-4.85,-4.75,-4.65,-4.55,-4.45,-4.35,-4.25,-4.15,-4.05,-3.95,-3.85,-3.75,-3.65,-3.55,-3.45,-3.35,-3.25,-3.15,-3.05,-2.95,-2.85,-2.75,-2.65,-2.55,-2.45,-2.35,-2.25,-2.15,-2.05,-1.95,-1.85,-1.75,-1.65,-1.55,-1.45,-1.35,-1.25,-1.15,-1.05,-0.95,-0.85,-0.75,-0.65,-0.55,-0.45,-0.35,-0.25,-0.15,0.0,-0.0999999999999996,-0.1999999999999993,-0.3000000000000007,-0.4000000000000003,-0.5,-0.5999999999999996,-0.6999999999999993,-0.8000000000000007,-0.9000000000000004,-1.0,-1.0999999999999996,-1.1999999999999993,-1.3000000000000007,-1.4000000000000004,-1.5,-1.5999999999999996,-1.6999999999999993,-1.8000000000000007,-1.9000000000000004,-2.0,-2.1,-2.2,-2.3000000000000007,-2.4000000000000004,-2.5,-2.6,-2.7,-2.8000000000000007,-2.9000000000000004,-3.0,-3.1,-3.2,-3.3000000000000007,-3.4000000000000004,-3.5,-3.6,-3.7,-3.8000000000000007,-3.9,-4.0,-4.1000000000000005,-4.2,-4.3,-4.4,-4.5,-4.6000000000000005,-4.7,-4.800000000000001,-4.9,-5.0,-5.1000000000000005,-5.2,-5.300000000000001,-5.4,-5.5,-5.6000000000000005,-5.7,-5.800000000000001,-5.9,-6.0,-6.1000000000000005,-6.2,-6.300000000000001,-6.4,-6.5,-6.6000000000000005,-6.7,-6.800000000000001,-6.9,-7.0,-7.1000000000000005,-7.2,-7.300000000000001,-7.4,-7.5,-7.6,-7.7,-7.800000000000001,-7.9,-8.0,-8.1,-8.200000000000001,-8.3,-8.4,-8.5,-8.6,-8.700000000000001,-8.8,-8.9,-9.0,-9.1,-9.2,-9.3,-9.4,-9.5,-9.6,-9.7,-9.8,0.0,-0.09999999999999964,-0.1999999999999993,-0.3000000000000007,-0.40000000000000036,-0.5,-0.5999999999999996,-0.6999999999999993,-0.8000000000000007,-0.9000000000000004,-1.0,-1.0999999999999996,-1.1999999999999993,-1.3000000000000007,-1.4000000000000004,-1.5,-1.5999999999999996,-1.6999999999999993,-1.8000000000000007,-1.9000000000000004,-2.0,-2.0999999999999996,-2.2,-2.3000000000000007,-2.4000000000000004,-2.5,-2.5999999999999996,-2.7,-2.8000000000000007,-2.9000000000000004,-3.0,-3.0999999999999996,-3.2,-3.3000000000000007,-3.4000000000000004,-3.5,-3.5999999999999996,-3.7,-3.8000000000000007,-3.9000000000000004,-4.0,-4.1000000000000005,-4.2,-4.3,-4.4,-4.5,-4.6000000000000005,-4.7,-4.800000000000001,-4.9,-5.0,-5.1000000000000005,-5.2,-5.300000000000001,-5.4,-5.5,-5.6000000000000005,-5.7,-5.800000000000001,-5.9,-6.0,-6.1000000000000005,-6.2,-6.300000000000001,-6.4,-6.5,-6.6000000000000005,-6.7,-6.800000000000001,-6.9,-7.0,-7.1000000000000005,-7.2,-7.300000000000001,-7.4,-7.5,-7.6000000000000005,-7.7,-7.800000000000001,-7.9,-8.0,-8.1,-8.200000000000001,-8.3,-8.4,-8.5,-8.6,-8.700000000000001,-8.8,-8.9,-9.0,-9.1,-9.200000000000001,-9.3,-9.4,-9.5,-9.600000000000001,-9.700000000000001,-9.8
1,-7.4310116,-7.7372142,-8.0647863,-8.3917021,-8.6852817,-8.90973533,-9.0429108,-9.08862427,-9.06971875,-9.011386483,-8.931786415,-8.84150432,-8.746063033,-8.648182629,-8.5491629,-8.44961479,-8.349822727,-8.24991834,-8.149962315,-8.049982563,-7.949991904,-7.849996225,-7.749998231,-7.649999166,-7.549999605,-7.449999811,-7.349999909,-7.249999956,-7.149999978,-7.049999989,-6.949999995,-6.849999997,-6.749999999,-6.649999999,-6.55,-6.45,-6.35,-6.25,-6.15,-6.05,-5.95,-5.85,-5.75,-5.65,-5.55,-5.45,-5.35,-5.25,-5.15,-5.05,-4.95,-4.85,-4.75,-4.65,-4.55,-4.45,-4.35,-4.25,-4.15,-4.05,-3.95,-3.85,-3.75,-3.65,-3.55,-3.45,-3.35,-3.25,-3.15,-3.05,-2.95,-2.85,-2.75,-2.65,-2.55,-2.45,-2.35,-2.25,-2.15,-2.05,-1.95,-1.85,-1.75,-1.65,-1.55,-1.45,-1.35,-1.25,-1.15,-1.05,-0.95,-0.85,-0.75,-0.65,-0.55,-0.45,-0.35,-0.25,-0.15,,,,,,,,,,,,,,,,,,,,,,,,,,,,,,,,,,,,,,,,,,,,,,,,,,,,,,,,,,,,,,,,,,,,,,,,,,,,,,,,,,,,,,,,,,,,,,,,,,,,,,,,,,,,,,,,,,,,,,,,,,,,,,,,,,,,,,,,,,,,,,,,,,,,,,,,,,,,,,,,,,,,,,,,,,,,,,,,,,,,,,,,,,,,,,,,,,,,,,
2,-6.0702257,-6.2125004,-6.3719518,-6.549656,-6.746314,-6.9617455,-7.1940216,-7.4382306,-7.6850974,-7.9202086,-8.12523783,-8.2823902,-8.3809146,-8.42123205,-8.41310829,-8.369906765,-8.303711282,-8.223387241,-8.134710197,-8.041197473,-7.944913434,-7.84704682,-7.748276239,-7.648988026,-7.549402279,-7.449644721,-7.349787445,-7.249871978,-7.149922361,-7.049952584,-6.949970832,-6.849981926,-6.749988716,-6.649992902,-6.5499955,-6.449997125,-6.349998148,-6.249998798,-6.149999213,-6.049999481,-5.949999654,-5.849999768,-5.749999843,-5.649999893,-5.549999926,-5.449999949,-5.349999964,-5.249999975,-5.149999982,-5.049999987,-4.949999991,-4.849999993,-4.749999995,-4.649999996,-4.549999997,-4.449999998,-4.349999998,-4.249999999,-4.149999999,-4.049999999,-3.949999999,-3.85,-3.75,-3.65,-3.55,-3.45,-3.35,-3.25,-3.15,-3.05,-2.95,-2.85,-2.75,-2.65,-2.55,-2.45,-2.35,-2.25,-2.15,-2.05,-1.95,-1.85,-1.75,-1.65,-1.55,-1.45,-1.35,-1.25,-1.15,-1.05,-0.95,-0.85,-0.75,-0.65,-0.55,-0.45,-0.35,-0.25,-0.15,,,,,,,,,,,,,,,,,,,,,,,,,,,,,,,,,,,,,,,,,,,,,,,,,,,,,,,,,,,,,,,,,,,,,,,,,,,,,,,,,,,,,,,,,,,,,,,,,,,,,,,,,,,,,,,,,,,,,,,,,,,,,,,,,,,,,,,,,,,,,,,,,,,,,,,,,,,,,,,,,,,,,,,,,,,,,,,,,,,,,,,,,,,,,,,,,,,,,,
3,-5.344581,-5.415108,-5.4928417,-5.57838,-5.6724039,-5.7756743,-5.8890053,-6.0132058,-6.1489808,-6.2967701,-6.456507,-6.6272658,-6.8067926,-6.9909593,-7.1732986,-7.3449444,-7.49543396,-7.6146457,-7.695445,-7.73573293,-7.73859563,-7.71054255,-7.659115784,-7.591132385,-7.511932607,-7.4253467,-7.333976828,-7.239534408,-7.143124579,-7.045454358,-6.946974461,-6.847972242,-6.748631349,-6.649069607,-6.549362975,-6.449560691,-6.349694853,-6.249786514,-6.149849568,-6.049893238,-5.949923691,-5.84994507,-5.749960181,-5.649970933,-5.549978634,-5.449984187,-5.349988217,-5.24999116,-5.149993324,-5.049994925,-4.949996117,-4.84999701,-4.749997682,-4.649998193,-4.549998582,-4.44999888,-4.349999111,-4.249999289,-4.149999429,-4.049999538,-3.949999624,-3.849999693,-3.749999747,-3.649999791,-3.549999826,-3.449999854,-3.349999878,-3.249999896,-3.149999912,-3.049999925,-2.949999935,-2.849999944,-2.749999951,-2.649999957,-2.549999963,-2.449999967,-2.349999971,-2.249999974,-2.149999977,-2.049999979,-1.949999982,-1.849999983,-1.749999985,-1.649999987,-1.549999988,-1.449999989,-1.34999999,-1.249999991,-1.149999992,-1.049999993,-0.949999994,-0.849999995,-0.749999996,-0.649999996,-0.549999997,-0.449999998,-0.349999998,-0.249999999,-0.15,,,,,,,,,,,,,,,,,,,,,,,,,,,,,,,,,,,,,,,,,,,,,,,,,,,,,,,,,,,,,,,,,,,,,,,,,,,,,,,,,,,,,,,,,,,,,,,,,,,,,,,,,,,,,,,,,,,,,,,,,,,,,,,,,,,,,,,,,,,,,,,,,,,,,,,,,,,,,,,,,,,,,,,,,,,,,,,,,,,,,,,,,,,,,,,,,,,,,,
4,-4.8990414,-4.9364277,-4.9770446,-5.0211004,-5.0688384,-5.120541,-5.176532,-5.2371764,-5.3028742,-5.3740516,-5.4511485,-5.5345984,-5.6247988,-5.7220663,-5.8265737,-5.938256,-6.0566867,-6.1809137,-6.3092662,-6.4391567,-6.566937,-6.6879055,-6.79658544,-6.88735577,-6.9553772,-6.99754955,-7.01310707,-7.00357658,-6.97214761,-6.92278983,-6.859478016,-6.78571041,-6.70431712,-6.617462204,-6.526739628,-6.43329522,-6.337940301,-6.241244337,-6.143605315,-6.045301042,-5.946525613,-5.847414958,-5.748064596,-5.648541927,-5.548894722,-5.449157013,-5.349353161,-5.249500699,-5.149612314,-5.049697233,-4.949762203,-4.849812184,-4.749850844,-4.649880905,-4.549904402,-4.449922862,-4.349937437,-4.249949002,-4.14995822,-4.049965603,-3.949971543,-3.849976343,-3.749980238,-3.649983413,-3.549986011,-3.449988146,-3.349989908,-3.249991367,-3.149992581,-3.049993594,-2.949994444,-2.84999516,-2.749995765,-2.649996279,-2.549996718,-2.449997094,-2.349997419,-2.2499977,-2.149997944,-2.049998159,-1.949998347,-1.849998515,-1.749998664,-1.649998798,-1.549998919,-1.44999903,-1.34999913,-1.249999224,-1.14999931,-1.049999391,-0.949999467,-0.849999538,-0.749999607,-0.649999672,-0.549999735,-0.449999796,-0.349999856,-0.249999914,-0.149999972,,,,,,,,,,,,,,,,,,,,,,,,,,,,,,,,,,,,,,,,,,,,,,,,,,,,,,,,,,,,,,,,,,,,,,,,,,,,,,,,,,,,,,,,,,,,,,,,,,,,,,,,,,,,,,,,,,,,,,,,,,,,,,,,,,,,,,,,,,,,,,,,,,,,,,,,,,,,,,,,,,,,,,,,,,,,,,,,,,,,,,,,,,,,,,,,,,,,,,
5,-4.601085,-4.6216947,-4.6438417,-4.6675915,-4.6930225,-4.72023,-4.7493244,-4.7804356,-4.8137073,-4.849299,-4.8873827,-4.9281415,-4.9717662,-5.0184514,-5.06839,-5.1217682,-5.178753,-5.2394814,-5.3040399,-5.3724406,-5.4445896,-5.5202445,-5.598965,-5.6800546,-5.7624988,-5.8449088,-5.9254848,-6.0020224,-6.0719835,-6.1326542,-6.1813903,-6.21591995,-6.2346402,-6.23682463,-6.22267838,-6.19322715,-6.15008437,-6.0951737,-6.03047918,-5.95786407,-5.878967535,-5.795165303,-5.707573425,-5.61707547,-5.524358993,-5.429952745,-5.334260203,-5.2375878,-5.140167702,-5.042175681,-4.943744891,-4.844976352,-4.745946877,-4.646715033,-4.547325619,-4.447813016,-4.34820371,-4.24851818,-4.148772323,-4.048978527,-3.949146485,-3.849283811,-3.74939651,-3.649489336,-3.549566068,-3.449629722,-3.349682714,-3.249726983,-3.149764098,-3.049795324,-2.949821694,-2.849844044,-2.749863062,-2.649879309,-2.549893246,-2.449905256,-2.349915652,-2.249924694,-2.149932599,-2.049939546,-1.949945685,-1.849951142,-1.749956021,-1.64996041,-1.549964384,-1.449968004,-1.349971323,-1.249974386,-1.149977232,-1.049979892,-0.949982394,-0.849984763,-0.749987019,-0.649989181,-0.549991263,-0.449993281,-0.349995247,-0.249997171,-0.149999064,,,,,,,,,,,,,,,,,,,,,,,,,,,,,,,,,,,,,,,,,,,,,,,,,,,,,,,,,,,,,,,,,,,,,,,,,,,,,,,,,,,,,,,,,,,,,,,,,,,,,,,,,,,,,,,,,,,,,,,,,,,,,,,,,,,,,,,,,,,,,,,,,,,,,,,,,,,,,,,,,,,,,,,,,,,,,,,,,,,,,,,,,,,,,,,,,,,,,,
6,-4.385202,-4.39645,-4.408498,-4.42137,-4.435093,-4.4496986,-4.465218,-4.481689,-4.4991526,-4.517655,-4.537247,-4.5579835,-4.5799246,-4.603134,-4.6276775,-4.6536235,-4.6810392,-4.70999,-4.7405368,-4.7727318,-4.8066153,-4.84221,-4.8795152,-4.9184987,-4.9590881,-5.0011594,-5.0445243,-5.088916,-5.133974,-5.1792274,-5.2240828,-5.2678122,-5.3095514,-5.3483062,-5.3829759,-5.4123927,-5.43537954,-5.45082366,-5.4577575,-5.4554362,-5.44339813,-5.42149702,-5.3899001,-5.34905305,-5.29962035,-5.24241316,-5.17831724,-5.10823037,-5.0330144,-4.953463505,-4.87028653,-4.784100844,-4.695433877,-4.604729673,-4.512357853,-4.418623526,-4.32377701,-4.228022762,-4.131527325,-4.034426114,-3.936829166,-3.838825888,-3.740488971,-3.641877577,-3.543039927,-3.44401539,-3.344836167,-3.245528651,-3.146114517,-3.046611608,-2.947034638,-2.847395769,-2.747705075,-2.647970914,-2.548200237,-2.448398833,-2.348571533,-2.248722373,-2.148854733,-2.048971449,-1.949074901,-1.849167091,-1.74924971,-1.64932418,-1.549391709,-1.449453319,-1.349509877,-1.249562125,-1.149610695,-1.049656128,-0.94969889,-0.849739385,-0.749777963,-0.649814928,-0.54985055,-0.449885064,-0.349918685,-0.249951602,-0.14998399,,,,,,,,,,,,,,,,,,,,,,,,,,,,,,,,,,,,,,,,,,,,,,,,,,,,,,,,,,,,,,,,,,,,,,,,,,,,,,,,,,,,,,,,,,,,,,,,,,,,,,,,,,,,,,,,,,,,,,,,,,,,,,,,,,,,,,,,,,,,,,,,,,,,,,,,,,,,,,,,,,,,,,,,,,,,,,,,,,,,,,,,,,,,,,,,,,,,,,
7,-4.2270805,-4.233606,-4.2405396,-4.2478847,-4.255645,-4.2638247,-4.2724277,-4.281461,-4.29093,-4.3008464,-4.3112194,-4.3220616,-4.3333883,-4.3452143,-4.357556,-4.370431,-4.3838564,-4.3978477,-4.41242,-4.427585,-4.4433512,-4.4597229,-4.476697,-4.4942638,-4.5124035,-4.5310845,-4.5502616,-4.569872,-4.5898339,-4.6100421,-4.6303648,-4.6506396,-4.6706698,-4.6902215,-4.7090196,-4.7267463,-4.7430401,-4.7574967,-4.7696734,-4.7790944,-4.7852621,-4.7876698,-4.7858193,-4.77923926,-4.7675065,-4.75026585,-4.72724763,-4.6982811,-4.66330167,-4.62235172,-4.57557432,-4.52320144,-4.46553773,-4.40294201,-4.33580832,-4.264548,-4.18957426,-4.11128965,-4.030076654,-3.94629138,-3.86025989,-3.77227653,-3.68260405,-3.591474766,-3.499092485,-3.40563489,-3.31125607,-3.21608912,-3.1202486,-3.023832872,-2.926926185,-2.829600599,-2.731917659,-2.63392988,-2.535682043,-2.437212301,-2.33855316,-2.2397323,-2.140773297,-2.041696229,-1.942518201,-1.84325379,-1.743915428,-1.644513723,-1.545057738,-1.445555227,-1.34601283,-1.246436249,-1.146830388,-1.047199478,-0.94754718,-0.847876672,-0.748190728,-0.648491781,-0.548781975,-0.449063215,-0.349337209,-0.249605498,-0.149869495,,,,,,,,,,,,,,,,,,,,,,,,,,,,,,,,,,,,,,,,,,,,,,,,,,,,,,,,,,,,,,,,,,,,,,,,,,,,,,,,,,,,,,,,,,,,,,,,,,,,,,,,,,,,,,,,,,,,,,,,,,,,,,,,,,,,,,,,,,,,,,,,,,,,,,,,,,,,,,,,,,,,,,,,,,,,,,,,,,,,,,,,,,,,,,,,,,,,,,
8,-4.103218,-4.1072618,-4.111529,-4.1160144,-4.1207126,-4.125619,-4.130729,-4.1360364,-4.1415376,-4.147229,-4.1531074,-4.15917,-4.165415,-4.171841,-4.178447,-4.185232,-4.1921936,-4.199331,-4.20664,-4.2141166,-4.2217543,-4.2295443,-4.2374742,-4.245529,-4.2536886,-4.2619285,-4.2702178,-4.2785199,-4.2867896,-4.294974,-4.30301,-4.3108245,-4.3183315,-4.325433,-4.3320156,-4.3379514,-4.3430954,-4.3472863,-4.3503448,-4.3520741,-4.3522602,-4.3506737,-4.3470709,-4.3411973,-4.332791,-4.3215879,-4.3073268,-4.28975594,-4.26864054,-4.24376904,-4.21496047,-4.18207065,-4.14499706,-4.1036828,-4.05811818,-4.0083407,-3.95443315,-3.89651966,-3.8347607,-3.76934664,-3.70049119,-3.62842422,-3.55338521,-3.47561707,-3.39536077,-3.3128509,-3.22831223,-3.14195702,-3.05398338,-2.96457415,-2.87389661,-2.78210244,-2.689328272,-2.595696343,-2.501315444,-2.406281897,-2.310680645,-2.214586295,-2.118064193,-2.02117139,-1.9239576,-1.82646606,-1.72873432,-1.630794955,-1.532676212,-1.434402581,-1.335995298,-1.237472791,-1.138851074,-1.040144083,-0.94136398,-0.842521402,-0.743625694,-0.644685099,-0.545706928,-0.446697706,-0.347663303,-0.248609047,-0.149539825,,,,,,,,,,,,,,,,,,,,,,,,,,,,,,,,,,,,,,,,,,,,,,,,,,,,,,,,,,,,,,,,,,,,,,,,,,,,,,,,,,,,,,,,,,,,,,,,,,,,,,,,,,,,,,,,,,,,,,,,,,,,,,,,,,,,,,,,,,,,,,,,,,,,,,,,,,,,,,,,,,,,,,,,,,,,,,,,,,,,,,,,,,,,,,,,,,,,,,
9,-4.0013864,-4.0041185,-4.0069847,-4.0099796,-4.0130957,-4.0163257,-4.019662,-4.023097,-4.0266236,-4.0302337,-4.033921,-4.0376783,-4.0414996,-4.0453776,-4.049307,-4.0532805,-4.057292,-4.061334,-4.0653986,-4.0694767,-4.0735578,-4.0776306,-4.0816813,-4.0856933,-4.089648,-4.0935244,-4.0972966,-4.1009362,-4.1044094,-4.1076782,-4.1106991,-4.1134225,-4.115792,-4.1177446,-4.119209,-4.1201052,-4.1203447,-4.1198287,-4.1184486,-4.1160851,-4.1126077,-4.1078754,-4.1017364,-4.0940286,-4.0845807,-4.0732134,-4.0597412,-4.0439749,-4.025724,-4.0048002,-3.9810217,-3.95421634,-3.92422664,-3.89091375,-3.8541617,-3.81388123,-3.7700125,-3.7225275,-3.67143124,-3.6167617,-3.55858878,-3.49701208,-3.43215773,-3.36417472,-3.29323028,-3.21950544,-3.1431903,-3.06447962,-2.98356875,-2.90065012,-2.81591026,-2.72952748,-2.64167006,-2.552495146,-2.46214798,-2.370761675,-2.27845726,-2.18534405,-2.09152016,-1.997073206,-1.90208107,-1.80661271,-1.710728988,-1.614483477,-1.517923243,-1.421089566,-1.32401862,-1.22674211,-1.129287809,-1.03168009,-0.933940365,-0.836087486,-0.738138109,-0.640107005,-0.54200733,-0.443850885,-0.34564832,-0.247409333,-0.149142844,,,,,,,,,,,,,,,,,,,,,,,,,,,,,,,,,,,,,,,,,,,,,,,,,,,,,,,,,,,,,,,,,,,,,,,,,,,,,,,,,,,,,,,,,,,,,,,,,,,,,,,,,,,,,,,,,,,,,,,,,,,,,,,,,,,,,,,,,,,,,,,,,,,,,,,,,,,,,,,,,,,,,,,,,,,,,,,,,,,,,,,,,,,,,,,,,,,,,,
10,-3.9143197,-3.9163223,-3.918417,-3.9205984,-3.9228595,-3.925194,-3.9275943,-3.9300528,-3.932562,-3.935114,-3.9377024,-3.9403187,-3.942956,-3.9456066,-3.9482635,-3.9509193,-3.953566,-3.9561963,-3.9588007,-3.96137,-3.9638938,-3.9663611,-3.9687583,-3.971071,-3.9732826,-3.9753744,-3.9773248,-3.9791098,-3.980702,-3.9820703,-3.9831798,-3.983991,-3.9844596,-3.9845366,-3.9841657,-3.9832856,-3.9818276,-3.9797156,-3.9768657,-3.9731856,-3.968574,-3.962921,-3.9561073,-3.9480042,-3.9384739,-3.9273705,-3.9145401,-3.899822,-3.8830505,-3.864057,-3.8426718,-3.8187276,-3.79206234,-3.7625226,-3.72996776,-3.69427336,-3.655335,-3.61307156,-3.567428,-3.51837765,-3.4659231,-3.41009692,-3.35096055,-3.2886029,-3.22313763,-3.15469993,-3.08344254,-3.00953183,-2.93314343,-2.85445825,-2.77365857,-2.69092478,-2.60643242,-2.52034997,-2.43283701,-2.34404303,-2.25410665,-2.163155295,-2.07130517,-1.97866152,-1.885319066,-1.791362683,-1.696868017,-1.601902274,-1.506524987,-1.410788764,-1.314740016,-1.218419656,-1.121863732,-1.025104025,-0.928168583,-0.831082205,-0.733866878,-0.636542162,-0.53912554,-0.441632728,-0.344077946,-0.246474169,-0.148833355,,,,,,,,,,,,,,,,,,,,,,,,,,,,,,,,,,,,,,,,,,,,,,,,,,,,,,,,,,,,,,,,,,,,,,,,,,,,,,,,,,,,,,,,,,,,,,,,,,,,,,,,,,,,,,,,,,,,,,,,,,,,,,,,,,,,,,,,,,,,,,,,,,,,,,,,,,,,,,,,,,,,,,,,,,,,,,,,,,,,,,,,,,,,,,,,,,,,,,
11,-3.8338882,-3.8350044,-3.836188,-3.8374375,-3.838753,-3.840133,-3.8415757,-3.843079,-3.8446406,-3.8462565,-3.8479235,-3.8496367,-3.8513913,-3.8531817,-3.8550013,-3.856843,-3.858699,-3.860561,-3.8624186,-3.864262,-3.8660786,-3.8678566,-3.8695815,-3.8712374,-3.8728076,-3.8742725,-3.8756116,-3.8768013,-3.8778159,-3.8786264,-3.8792011,-3.8795048,-3.8794978,-3.8791367,-3.8783727,-3.877152,-3.8754147,-3.8730955,-3.870121,-3.8664113,-3.8618783,-3.8564261,-3.84995,-3.8423367,-3.8334637,-3.8232004,-3.8114074,-3.797938,-3.7826386,-3.7653502,-3.7459105,-3.7241555,-3.6999229,-3.6730543,-3.6433989,-3.61081715,-3.5751842,-3.53639364,-3.4943609,-3.4490259,-3.4003557,-3.3483457,-3.29302022,-3.23443227,-3.1726621,-3.1078148,-3.04001743,-2.9694153,-2.89616805,-2.82044545,-2.74242352,-2.6622805,-2.58019367,-2.49633617,-2.41087479,-2.32396803,-2.23576482,-2.146403596,-2.056011924,-1.96470643,-1.87259295,-1.779767,-1.686314285,-1.592311417,-1.497826605,-1.402920426,-1.30764654,-1.212052453,-1.116180157,-1.0200668,-0.923745255,-0.827244666,-0.730590936,-0.633807154,-0.536914006,-0.439930111,-0.342872346,-0.245756133,-0.148595696,,,,,,,,,,,,,,,,,,,,,,,,,,,,,,,,,,,,,,,,,,,,,,,,,,,,,,,,,,,,,,,,,,,,,,,,,,,,,,,,,,,,,,,,,,,,,,,,,,,,,,,,,,,,,,,,,,,,,,,,,,,,,,,,,,,,,,,,,,,,,,,,,,,,,,,,,,,,,,,,,,,,,,,,,,,,,,,,,,,,,,,,,,,,,,,,,,,,,,
12,-3.7651584,-3.765993,-3.7668777,-3.7678107,-3.768792,-3.76982,-3.770893,-3.7720103,-3.773168,-3.774364,-3.7755944,-3.776856,-3.7781444,-3.779454,-3.78078,-3.782116,-3.7834555,-3.7847905,-3.7861127,-3.787413,-3.788681,-3.789906,-3.7910757,-3.7921762,-3.7931922,-3.7941074,-3.7949031,-3.7955592,-3.7960528,-3.7963586,-3.796449,-3.7962922,-3.7958539,-3.7950956,-3.7939744,-3.7924425,-3.7904473,-3.7879303,-3.7848262,-3.7810636,-3.7765638,-3.7712406,-3.7649989,-3.757736,-3.7493402,-3.7396912,-3.7286598,-3.7161093,-3.7018944,-3.6858643,-3.6678619,-3.6477273,-3.6252992,-3.6004173,-3.57292556,-3.5426757,-3.50953034,-3.473367,-3.4340812,-3.3915905,-3.3458366,-3.29678813,-3.2444417,-3.18882277,-3.12998505,-3.06800897,-3.00299955,-2.93508333,-2.86440464,-2.79112177,-2.71540281,-2.6374217,-2.55735442,-2.47537568,-2.39165604,-2.3063596,-2.21964218,-2.13165007,-2.04251919,-1.95237479,-1.861331296,-1.7694926,-1.67695248,-1.583795124,-1.49009586,-1.395921827,-1.30133274,-1.20638161,-1.11111545,-1.015575952,-0.919800109,-0.82382078,-0.72766723,-0.631365599,-0.534939335,-0.438409582,-0.341795528,-0.245114725,-0.148383379,,,,,,,,,,,,,,,,,,,,,,,,,,,,,,,,,,,,,,,,,,,,,,,,,,,,,,,,,,,,,,,,,,,,,,,,,,,,,,,,,,,,,,,,,,,,,,,,,,,,,,,,,,,,,,,,,,,,,,,,,,,,,,,,,,,,,,,,,,,,,,,,,,,,,,,,,,,,,,,,,,,,,,,,,,,,,,,,,,,,,,,,,,,,,,,,,,,,,,
13,-3.702833,-3.703503,-3.704212,-3.70496,-3.705745,-3.7065675,-3.7074257,-3.7083178,-3.709242,-3.7101954,-3.711175,-3.7121783,-3.713201,-3.714238,-3.7152856,-3.716338,-3.7173887,-3.718431,-3.719458,-3.720461,-3.7214314,-3.7223593,-3.7232323,-3.7240395,-3.7247665,-3.7253985,-3.7259189,-3.726309,-3.7265483,-3.7266138,-3.7264802,-3.726119,-3.7254984,-3.7245838,-3.7233356,-3.7217106,-3.7196604,-3.7171311,-3.7140633,-3.7103916,-3.706043,-3.7009376,-3.6949883,-3.6880988,-3.6801652,-3.6710748,-3.6607063,-3.6489295,-3.6356069,-3.6205931,-3.603737,-3.5848818,-3.5638686,-3.5405375,-3.5147304,-3.4862942,-3.45508454,-3.4209686,-3.38382944,-3.3435689,-3.30011137,-3.253406,-3.2034291,-3.1501851,-3.0937069,-3.03405522,-2.97131676,-2.90560186,-2.83704122,-2.76578217,-2.69198472,-2.61581743,-2.53745362,-2.45706762,-2.3748316,-2.290913,-2.20547219,-2.118661,-2.03062157,-1.94148565,-1.85137435,-1.76039821,-1.66865745,-1.57624244,-1.48323434,-1.389705737,-1.295721373,-1.201338902,-1.106609573,-1.011578947,-0.916287516,-0.82077134,-0.725062571,-0.629189983,-0.533179417,-0.437054204,-0.340835546,-0.244542853,-0.148194065,,,,,,,,,,,,,,,,,,,,,,,,,,,,,,,,,,,,,,,,,,,,,,,,,,,,,,,,,,,,,,,,,,,,,,,,,,,,,,,,,,,,,,,,,,,,,,,,,,,,,,,,,,,,,,,,,,,,,,,,,,,,,,,,,,,,,,,,,,,,,,,,,,,,,,,,,,,,,,,,,,,,,,,,,,,,,,,,,,,,,,,,,,,,,,,,,,,,,,
14,-3.645547,-3.646096,-3.646676,-3.6472878,-3.64793,-3.648603,-3.649305,-3.6500344,-3.65079,-3.651569,-3.65237,-3.653189,-3.654023,-3.654868,-3.65572,-3.6565744,-3.6574255,-3.658267,-3.659093,-3.659895,-3.660666,-3.6613966,-3.662076,-3.6626936,-3.6632367,-3.6636917,-3.664043,-3.664274,-3.6643652,-3.6642957,-3.6640422,-3.6635784,-3.6628747,-3.661899,-3.660615,-3.6589822,-3.6569556,-3.6544855,-3.6515163,-3.647987,-3.6438293,-3.6389688,-3.633323,-3.6268019,-3.6193074,-3.6107326,-3.6009621,-3.5898722,-3.5773306,-3.5631972,-3.5473252,-3.529562,-3.5097506,-3.4877323,-3.4633481,-3.4364424,-3.4068661,-3.3744793,-3.3391557,-3.3007857,-3.2592802,-3.2145733,-3.16662484,-3.11542215,-3.06098084,-3.00334476,-2.9425847,-2.8787966,-2.8120986,-2.74262758,-2.6705355,-2.59598515,-2.51914638,-2.44019208,-2.35929488,-2.27662416,-2.19234354,-2.10660908,-2.01956775,-1.93135664,-1.84210242,-1.75192123,-1.66091878,-1.56919081,-1.47682355,-1.383894366,-1.290472472,-1.19661964,-1.10239092,-1.007835328,-0.912996542,-0.817913494,-0.722620977,-0.627150153,-0.531529053,-0.435783018,-0.339935093,-0.244006395,-0.148016459,,,,,,,,,,,,,,,,,,,,,,,,,,,,,,,,,,,,,,,,,,,,,,,,,,,,,,,,,,,,,,,,,,,,,,,,,,,,,,,,,,,,,,,,,,,,,,,,,,,,,,,,,,,,,,,,,,,,,,,,,,,,,,,,,,,,,,,,,,,,,,,,,,,,,,,,,,,,,,,,,,,,,,,,,,,,,,,,,,,,,,,,,,,,,,,,,,,,,,
15,-3.5924813,-3.5929395,-3.5934253,-3.5939373,-3.5944756,-3.5950386,-3.595626,-3.596236,-3.5968675,-3.5975183,-3.598186,-3.598869,-3.5995626,-3.600265,-3.600972,-3.6016786,-3.6023804,-3.603072,-3.6037477,-3.6044004,-3.6050226,-3.605606,-3.6061416,-3.606619,-3.6070261,-3.607351,-3.6075793,-3.6076953,-3.6076812,-3.6075175,-3.6071825,-3.6066516,-3.6058977,-3.6048903,-3.6035955,-3.6019759,-3.599989,-3.5975883,-3.5947217,-3.5913313,-3.587354,-3.5827182,-3.577347,-3.5711547,-3.5640485,-3.555926,-3.5466777,-3.5361845,-3.5243193,-3.510947,-3.4959248,-3.4791035,-3.4603292,-3.4394443,-3.4162905,-3.3907105,-3.36255196,-3.3316702,-3.2979318,-3.2612183,-3.2214297,-3.1784877,-3.1323384,-3.0829545,-3.03033655,-2.9745134,-2.9155414,-2.85350308,-2.78850462,-2.72067277,-2.6501512,-2.57709653,-2.5016744,-2.42405542,-2.34441172,-2.26291358,-2.1797269,-2.09501089,-2.00891648,-1.92158516,-1.83314839,-1.74372714,-1.653432034,-1.562363574,-1.47061257,-1.378260766,-1.28538145,-1.192040198,-1.098295575,-1.00419984,-0.90979963,-0.81513659,-0.720247988,-0.625167252,-0.52992449,-0.434546944,-0.339059414,-0.243484653,-0.147843713,,,,,,,,,,,,,,,,,,,,,,,,,,,,,,,,,,,,,,,,,,,,,,,,,,,,,,,,,,,,,,,,,,,,,,,,,,,,,,,,,,,,,,,,,,,,,,,,,,,,,,,,,,,,,,,,,,,,,,,,,,,,,,,,,,,,,,,,,,,,,,,,,,,,,,,,,,,,,,,,,,,,,,,,,,,,,,,,,,,,,,,,,,,,,,,,,,,,,,
16,-3.54301,-3.5433956,-3.5438023,-3.544231,-3.544681,-3.545153,-3.5456444,-3.546156,-3.5466846,-3.54723,-3.5477893,-3.548361,-3.548941,-3.549528,-3.5501173,-3.5507056,-3.5512887,-3.551861,-3.5524177,-3.5529516,-3.5534575,-3.553926,-3.55435,-3.554719,-3.5550225,-3.5552492,-3.5553852,-3.5554163,-3.555326,-3.5550955,-3.5547046,-3.5541306,-3.5533476,-3.5523273,-3.5510376,-3.5494427,-3.5475036,-3.5451758,-3.5424098,-3.5391517,-3.5353405,-3.5309096,-3.525785,-3.5198854,-3.5131224,-3.5053982,-3.4966076,-3.4866365,-3.4753622,-3.4626539,-3.448373,-3.432374,-3.4145056,-3.3946123,-3.3725366,-3.348121,-3.3212111,-3.2916586,-3.2593249,-3.2240845,-3.18582864,-3.1444687,-3.0999391,-3.05219986,-3.0012382,-2.9470695,-2.8897368,-2.82931024,-2.76588448,-2.6995763,-2.63052107,-2.55886886,-2.48478052,-2.40842378,-2.32996935,-2.24958773,-2.1674461,-2.08370607,-1.99852171,-1.91203825,-1.8243912,-1.73570582,-1.64609711,-1.555669846,-1.464519064,-1.37273049,-1.28038122,-1.18754039,-1.094269847,-1.00062491,-0.90665502,-0.812404404,-0.71791269,-0.623215478,-0.528344861,-0.433329916,-0.338197139,-0.242970853,-0.147673585,,,,,,,,,,,,,,,,,,,,,,,,,,,,,,,,,,,,,,,,,,,,,,,,,,,,,,,,,,,,,,,,,,,,,,,,,,,,,,,,,,,,,,,,,,,,,,,,,,,,,,,,,,,,,,,,,,,,,,,,,,,,,,,,,,,,,,,,,,,,,,,,,,,,,,,,,,,,,,,,,,,,,,,,,,,,,,,,,,,,,,,,,,,,,,,,,,,,,,
17,-3.4966537,-3.4969812,-3.497327,-3.497691,-3.4980734,-3.498474,-3.4988914,-3.499325,-3.499773,-3.500235,-3.5007083,-3.501191,-3.5016813,-3.5021757,-3.5026715,-3.5031654,-3.5036527,-3.5041294,-3.5045904,-3.5050295,-3.5054414,-3.505818,-3.5061517,-3.5064334,-3.5066536,-3.506801,-3.5068632,-3.5068266,-3.5066754,-3.5063925,-3.5059585,-3.5053516,-3.5045483,-3.503521,-3.5022398,-3.5006709,-3.4987768,-3.4965155,-3.4938408,-3.4907003,-3.4870367,-3.4827863,-3.4778786,-3.472236,-3.4657739,-3.4583985,-3.4500088,-3.440495,-3.4297384,-3.4176124,-3.4039824,-3.3887061,-3.3716353,-3.3526169,-3.3314946,-3.3081113,-3.2823114,-3.25394434,-3.2228675,-3.1889498,-3.15207536,-3.1121468,-3.06908864,-3.02284976,-2.9734057,-2.92075945,-2.86494205,-2.80601183,-2.74405258,-2.67917137,-2.61149515,-2.54116727,-2.46834344,-2.39318784,-2.31586926,-2.23655759,-2.15542068,-2.07262181,-1.98831753,-1.90265614,-1.81577666,-1.72780813,-1.638869435,-1.54906927,-1.458506505,-1.367270586,-1.27544214,-1.18309363,-1.090290026,-0.99708954,-0.90354429,-0.80970096,-0.71560145,-0.621283449,-0.52678097,-0.43212486,-0.337343255,-0.242462011,-0.147505086,,,,,,,,,,,,,,,,,,,,,,,,,,,,,,,,,,,,,,,,,,,,,,,,,,,,,,,,,,,,,,,,,,,,,,,,,,,,,,,,,,,,,,,,,,,,,,,,,,,,,,,,,,,,,,,,,,,,,,,,,,,,,,,,,,,,,,,,,,,,,,,,,,,,,,,,,,,,,,,,,,,,,,,,,,,,,,,,,,,,,,,,,,,,,,,,,,,,,,
18,-3.4530727,-3.4533516,-3.453647,-3.453959,-3.4542864,-3.454629,-3.4549867,-3.455357,-3.4557404,-3.4561346,-3.4565384,-3.45695,-3.4573665,-3.457786,-3.4582055,-3.4586217,-3.459031,-3.4594293,-3.4598116,-3.4601725,-3.4605066,-3.460807,-3.4610662,-3.461276,-3.461427,-3.4615092,-3.4615103,-3.4614174,-3.4612164,-3.4608903,-3.460421,-3.4597884,-3.4589696,-3.4579383,-3.4566668,-3.4551222,-3.4532696,-3.4510684,-3.4484746,-3.4454387,-3.4419057,-3.4378146,-3.4330983,-3.4276823,-3.4214852,-3.4144172,-3.4063809,-3.3972701,-3.3869704,-3.3753589,-3.3623044,-3.3476685,-3.3313057,-3.3130653,-3.2927927,-3.2703315,-3.2455258,-3.2182236,-3.1882792,-3.15555714,-3.1199357,-3.08131025,-3.03959674,-2.9947344,-2.9466881,-2.8954499,-2.8410397,-2.7835048,-2.72291874,-2.65937908,-2.59300454,-2.52393154,-2.4523104,-2.37830138,-2.30207078,-2.22378733,-2.14361898,-2.06173003,-1.97827891,-1.89341651,-1.80728481,-1.72001617,-1.631732956,-1.54254742,-1.45256195,-1.36186943,-1.2705538,-1.17869064,-1.08634788,-0.99358647,-0.90046108,-0.80702076,-0.71330959,-0.619367268,-0.525229666,-0.430929349,-0.336496049,-0.241957108,-0.14733788,,,,,,,,,,,,,,,,,,,,,,,,,,,,,,,,,,,,,,,,,,,,,,,,,,,,,,,,,,,,,,,,,,,,,,,,,,,,,,,,,,,,,,,,,,,,,,,,,,,,,,,,,,,,,,,,,,,,,,,,,,,,,,,,,,,,,,,,,,,,,,,,,,,,,,,,,,,,,,,,,,,,,,,,,,,,,,,,,,,,,,,,,,,,,,,,,,,,,,
19,-3.411875,-3.412116,-3.41237,-3.4126376,-3.412919,-3.413213,-3.413519,-3.413837,-3.4141654,-3.414503,-3.4148485,-3.4152,-3.415555,-3.415912,-3.416268,-3.41662,-3.4169646,-3.417298,-3.4176153,-3.4179123,-3.418183,-3.4184214,-3.4186206,-3.418772,-3.418868,-3.418898,-3.4188508,-3.4187143,-3.4184748,-3.4181169,-3.4176225,-3.416973,-3.416146,-3.4151174,-3.4138597,-3.4123423,-3.4105311,-3.4083884,-3.405871,-3.4029322,-3.399519,-3.395573,-3.3910298,-3.3858177,-3.3798585,-3.373066,-3.3653455,-3.3565948,-3.3467031,-3.335551,-3.3230109,-3.3089473,-3.2932181,-3.275675,-3.2561652,-3.2345334,-3.210624,-3.184284,-3.15536555,-3.12372993,-3.08925064,-3.0518169,-3.01133734,-2.9677427,-2.9209885,-2.87105687,-2.81795744,-2.7617273,-2.70243024,-2.6401547,-2.57501138,-2.50712973,-2.4366545,-2.3637417,-2.28855472,-2.2112607,-2.13202714,-2.05101888,-1.96839575,-1.88431064,-1.7989081,-1.71232337,-1.62468193,-1.53609927,-1.44668098,-1.35652315,-1.26571279,-1.174328424,-1.08244077,-0.99011339,-0.89740339,-0.804362087,-0.711035654,-0.61746573,-0.523689983,-0.429742644,-0.335654999,-0.241455833,-0.147171864,,,,,,,,,,,,,,,,,,,,,,,,,,,,,,,,,,,,,,,,,,,,,,,,,,,,,,,,,,,,,,,,,,,,,,,,,,,,,,,,,,,,,,,,,,,,,,,,,,,,,,,,,,,,,,,,,,,,,,,,,,,,,,,,,,,,,,,,,,,,,,,,,,,,,,,,,,,,,,,,,,,,,,,,,,,,,,,,,,,,,,,,,,,,,,,,,,,,,,
20,-3.3728597,-3.373069,-3.373289,-3.373521,-3.373765,-3.374019,-3.374284,-3.374558,-3.374841,-3.3751314,-3.375428,-3.375729,-3.376033,-3.3763374,-3.3766397,-3.376937,-3.377227,-3.377505,-3.377767,-3.3780087,-3.378225,-3.37841,-3.3785563,-3.3786572,-3.378705,-3.3786885,-3.378599,-3.378424,-3.3781504,-3.3777633,-3.377246,-3.3765806,-3.3757455,-3.3747179,-3.3734713,-3.3719766,-3.3702012,-3.3681085,-3.3656577,-3.3628035,-3.3594954,-3.355677,-3.3512864,-3.346255,-3.3405066,-3.3339583,-3.3265189,-3.3180891,-3.3085617,-3.2978204,-3.2857409,-3.2721913,-3.2570318,-3.240117,-3.221296,-3.200415,-3.1773188,-3.1518542,-3.1238718,-3.09323024,-3.0597991,-3.0234625,-2.98412263,-2.94170287,-2.89615046,-2.84743835,-2.7955668,-2.74056345,-2.68248274,-2.62140452,-2.55743144,-2.49068618,-2.42130768,-2.3494475,-2.2752659,-2.19892792,-2.12060021,-2.04044771,-1.95863118,-1.87530512,-1.79061623,-1.70470225,-1.61769144,-1.52970221,-1.44084313,-1.35121324,-1.26090243,-1.16999202,-1.07855535,-0.98665848,-0.894360837,-0.80171593,-0.708771948,-0.615572406,-0.522156722,-0.428560744,-0.334817267,-0.240956496,-0.147006479,,,,,,,,,,,,,,,,,,,,,,,,,,,,,,,,,,,,,,,,,,,,,,,,,,,,,,,,,,,,,,,,,,,,,,,,,,,,,,,,,,,,,,,,,,,,,,,,,,,,,,,,,,,,,,,,,,,,,,,,,,,,,,,,,,,,,,,,,,,,,,,,,,,,,,,,,,,,,,,,,,,,,,,,,,,,,,,,,,,,,,,,,,,,,,,,,,,,,,
21,-3.334749,-3.3348075,-3.334868,-3.3349303,-3.3349946,-3.335061,-3.335128,-3.3351965,-3.335265,-3.335333,-3.3353993,-3.3354636,-3.3355236,-3.3355783,-3.335626,-3.3356645,-3.335691,-3.3357034,-3.335698,-3.335671,-3.335619,-3.335537,-3.335419,-3.335259,-3.33505,-3.334784,-3.334452,-3.334043,-3.3335458,-3.3329468,-3.3322312,-3.3313817,-3.3303795,-3.3292026,-3.3278268,-3.3262248,-3.324366,-3.3222156,-3.319735,-3.3168812,-3.3136065,-3.3098565,-3.305572,-3.3006872,-3.295129,-3.2888174,-3.2816645,-3.2735739,-3.2644416,-3.2541546,-3.2425918,-3.2296239,-3.2151139,-3.1989182,-3.180888,-3.1608699,-3.1387093,-3.1142515,-3.0873454,-3.05784624,-3.0256189,-2.99054173,-2.9525097,-2.9114377,-2.8672637,-2.81995065,-2.76948825,-2.71589357,-2.6592107,-2.59950958,-2.53688408,-2.47144893,-2.40333658,-2.3326934,-2.2596758,-2.18444647,-2.10717078,-2.02801366,-1.94713677,-1.86469628,-1.78084118,-1.69571204,-1.6094401,-1.52214708,-1.43394488,-1.34493585,-1.25521317,-1.1648613,-1.07395661,-0.98256799,-0.890757573,-0.79858134,-0.70608983,-0.613328715,-0.520339436,-0.427159722,-0.333824117,-0.24036447,-0.146810379,,,,,,,,,,,,,,,,,,,,,,,,,,,,,,,,,,,,,,,,,,,,,,,,,,,,,,,,,,,,,,,,,,,,,,,,,,,,,,,,,,,,,,,,,,,,,,,,,,,,,,,,,,,,,,,,,,,,,,,,,,,,,,,,,,,,,,,,,,,,,,,,,,,,,,,,,,,,,,,,,,,,,,,,,,,,,,,,,,,,,,,,,,,,,,,,,,,,,,
22,-3.299442,-3.299484,-3.2995253,-3.2995667,-3.299609,-3.299652,-3.299694,-3.299736,-3.2997765,-3.299815,-3.29985,-3.299881,-3.2999063,-3.2999248,-3.299934,-3.2999327,-3.299918,-3.299887,-3.299837,-3.2997644,-3.299665,-3.2995344,-3.2993674,-3.299157,-3.2988976,-3.298581,-3.298198,-3.297739,-3.2971927,-3.2965463,-3.2957851,-3.2948931,-3.2938516,-3.2926404,-3.2912355,-3.2896108,-3.287737,-3.2855809,-3.2831055,-3.2802692,-3.2770261,-3.2733243,-3.2691066,-3.2643098,-3.2588635,-3.2526903,-3.2457055,-3.2378163,-3.2289216,-3.2189122,-3.2076702,-3.1950699,-3.1809777,-3.1652533,-3.1477502,-3.1283178,-3.1068029,-3.0830518,-3.0569132,-3.0282414,-2.9968991,-2.96276096,-2.92571753,-2.8856778,-2.8425728,-2.79635776,-2.7470139,-2.69454944,-2.6389995,-2.58042543,-2.51891277,-2.45456884,-2.3875195,-2.3179057,-2.24587946,-2.1716004,-2.09523184,-2.01693766,-1.93687942,-1.855214,-1.77209165,-1.68765475,-1.60203674,-1.51536168,-1.427744064,-1.33928888,-1.25009192,-1.16024022,-1.06981264,-0.97888048,-0.88750812,-0.79575369,-0.703669723,-0.611303778,-0.518699045,-0.42589489,-0.332927406,-0.239829884,-0.146633292,,,,,,,,,,,,,,,,,,,,,,,,,,,,,,,,,,,,,,,,,,,,,,,,,,,,,,,,,,,,,,,,,,,,,,,,,,,,,,,,,,,,,,,,,,,,,,,,,,,,,,,,,,,,,,,,,,,,,,,,,,,,,,,,,,,,,,,,,,,,,,,,,,,,,,,,,,,,,,,,,,,,,,,,,,,,,,,,,,,,,,,,,,,,,,,,,,,,,,
23,-3.2657377,-3.2657677,-3.265798,-3.265829,-3.26586,-3.2658903,-3.26592,-3.2659483,-3.265975,-3.265998,-3.266018,-3.266033,-3.2660418,-3.2660426,-3.266034,-3.2660143,-3.2659803,-3.26593,-3.265861,-3.265769,-3.2656495,-3.265499,-3.2653127,-3.2650837,-3.264806,-3.264472,-3.2640735,-3.2636003,-3.2630419,-3.262386,-3.261618,-3.260723,-3.259683,-3.2584776,-3.257085,-3.255479,-3.253632,-3.2515113,-3.2490815,-3.2463027,-3.24313,-3.2395135,-3.235398,-3.230722,-3.2254177,-3.21941,-3.2126163,-3.204947,-3.1963034,-3.1865794,-3.17566,-3.1634222,-3.1497355,-3.1344618,-3.1174573,-3.0985734,-3.0776579,-3.0545583,-3.0291233,-3.0012063,-2.9706682,-2.93738106,-2.9012314,-2.86212345,-2.81998246,-2.7747571,-2.72642133,-2.67497593,-2.6204483,-2.5628921,-2.50238575,-2.4390299,-2.37294462,-2.30426585,-2.23314174,-2.15972884,-2.0841886,-2.00668374,-1.92737562,-1.84642154,-1.76397282,-1.68017327,-1.59515819,-1.50905373,-1.4219766,-1.33403408,-1.2453243,-1.15593659,-1.065952034,-0.97544408,-0.88447914,-0.793117272,-0.701412827,-0.609415067,-0.51716878,-0.424714829,-0.332090708,-0.239331035,-0.146468031,,,,,,,,,,,,,,,,,,,,,,,,,,,,,,,,,,,,,,,,,,,,,,,,,,,,,,,,,,,,,,,,,,,,,,,,,,,,,,,,,,,,,,,,,,,,,,,,,,,,,,,,,,,,,,,,,,,,,,,,,,,,,,,,,,,,,,,,,,,,,,,,,,,,,,,,,,,,,,,,,,,,,,,,,,,,,,,,,,,,,,,,,,,,,,,,,,,,,,
24,-3.2334783,-3.2335015,-3.2335243,-3.233547,-3.2335694,-3.233591,-3.233611,-3.233629,-3.233645,-3.233657,-3.2336647,-3.2336675,-3.233663,-3.233651,-3.2336286,-3.2335946,-3.233547,-3.2334824,-3.2333983,-3.2332914,-3.233158,-3.2329927,-3.2327924,-3.23255,-3.2322596,-3.231914,-3.231505,-3.2310233,-3.2304582,-3.2297976,-3.2290284,-3.2281352,-3.2271008,-3.225906,-3.224529,-3.2229452,-3.2211271,-3.2190437,-3.2166604,-3.2139385,-3.210835,-3.207301,-3.2032833,-3.198722,-3.1935516,-3.187699,-3.1810843,-3.1736195,-3.1652093,-3.1557497,-3.1451286,-3.1332259,-3.1199133,-3.1050557,-3.0885113,-3.0701334,-3.0497715,-3.0272739,-3.0024898,-2.9752719,-2.9454798,-2.91298345,-2.8776658,-2.8394272,-2.79818754,-2.7538897,-2.7065012,-2.6560158,-2.60245373,-2.5458616,-2.48631088,-2.423896,-2.35873124,-2.2909477,-2.22068952,-2.14811022,-2.073369,-1.9966274,-1.9180462,-1.83778292,-1.75598965,-1.67281142,-1.58838513,-1.50283875,-1.41629105,-1.32885138,-1.24062004,-1.151688494,-1.06213993,-0.97204981,-0.881486495,-0.790511875,-0.69918204,-0.60754789,-0.51565574,-0.42354791,-0.331263248,-0.238837656,-0.146304572,,,,,,,,,,,,,,,,,,,,,,,,,,,,,,,,,,,,,,,,,,,,,,,,,,,,,,,,,,,,,,,,,,,,,,,,,,,,,,,,,,,,,,,,,,,,,,,,,,,,,,,,,,,,,,,,,,,,,,,,,,,,,,,,,,,,,,,,,,,,,,,,,,,,,,,,,,,,,,,,,,,,,,,,,,,,,,,,,,,,,,,,,,,,,,,,,,,,,,
25,-3.2024953,-3.2025133,-3.202531,-3.2025475,-3.202563,-3.202578,-3.20259,-3.2026,-3.202607,-3.20261,-3.2026083,-3.2026006,-3.202586,-3.202563,-3.2025297,-3.2024843,-3.2024246,-3.202348,-3.2022523,-3.2021335,-3.201988,-3.201812,-3.2016,-3.2013473,-3.2010468,-3.2006924,-3.200276,-3.1997876,-3.1992182,-3.1985555,-3.1977868,-3.1968971,-3.19587,-3.1946863,-3.1933253,-3.1917634,-3.1899734,-3.1879256,-3.1855864,-3.1829184,-3.1798791,-3.1764222,-3.1724951,-3.1680404,-3.1629937,-3.1572845,-3.1508344,-3.1435583,-3.1353628,-3.1261468,-3.1158007,-3.1042067,-3.0912392,-3.0767656,-3.0606461,-3.0427361,-3.022887,-3.0009478,-2.9767683,-2.9502011,-2.9211047,-2.8893472,-2.8548089,-2.8173864,-2.7769951,-2.73357255,-2.6870803,-2.63750565,-2.5848622,-2.5291898,-2.47055347,-2.40904132,-2.3447622,-2.27784228,-2.20842167,-2.13665066,-2.0626862,-1.9866883,-1.90881697,-1.82922973,-1.74807916,-1.66551132,-1.58166444,-1.49666815,-1.41064301,-1.32370038,-1.235942526,-1.14746292,-1.05834674,-0.96867137,-0.878507015,-0.787917344,-0.696960114,-0.60568781,-0.51414824,-0.422385123,-0.330438638,-0.238345939,-0.146141653,,,,,,,,,,,,,,,,,,,,,,,,,,,,,,,,,,,,,,,,,,,,,,,,,,,,,,,,,,,,,,,,,,,,,,,,,,,,,,,,,,,,,,,,,,,,,,,,,,,,,,,,,,,,,,,,,,,,,,,,,,,,,,,,,,,,,,,,,,,,,,,,,,,,,,,,,,,,,,,,,,,,,,,,,,,,,,,,,,,,,,,,,,,,,,,,,,,,,,
26,-3.1727206,-3.1727353,-3.1727486,-3.1727604,-3.172771,-3.172779,-3.172785,-3.172788,-3.172788,-3.172783,-3.1727736,-3.1727577,-3.1727343,-3.172702,-3.172659,-3.1726043,-3.172535,-3.1724486,-3.1723427,-3.172214,-3.1720583,-3.1718727,-3.1716514,-3.17139,-3.171082,-3.17072,-3.1702972,-3.1698046,-3.1692318,-3.168568,-3.1678004,-3.1669148,-3.1658947,-3.1647223,-3.1633769,-3.1618354,-3.160072,-3.1580575,-3.1557592,-3.1531408,-3.1501612,-3.146775,-3.1429317,-3.1385747,-3.1336418,-3.128064,-3.1217655,-3.1146626,-3.1066648,-3.0976729,-3.0875797,-3.0762701,-3.0636209,-3.0495017,-3.0337753,-3.0162985,-2.9969246,-2.9755039,-2.9518869,-2.9259263,-2.8974797,-2.8664138,-2.8326067,-2.79595157,-2.75636004,-2.71376474,-2.6681218,-2.6194125,-2.56764426,-2.5128506,-2.4550902,-2.39444534,-2.3310193,-2.2649335,-2.19632392,-2.1253376,-2.05212898,-1.9768564,-1.89967903,-1.82075401,-1.74023424,-1.65826655,-1.57499035,-1.49053671,-1.40502785,-1.31857691,-1.231288014,-1.14325652,-1.054569484,-0.96530611,-0.87553839,-0.78533167,-0.694745343,-0.60383341,-0.51264513,-0.421225586,-0.329616255,-0.237855512,-0.14597915,,,,,,,,,,,,,,,,,,,,,,,,,,,,,,,,,,,,,,,,,,,,,,,,,,,,,,,,,,,,,,,,,,,,,,,,,,,,,,,,,,,,,,,,,,,,,,,,,,,,,,,,,,,,,,,,,,,,,,,,,,,,,,,,,,,,,,,,,,,,,,,,,,,,,,,,,,,,,,,,,,,,,,,,,,,,,,,,,,,,,,,,,,,,,,,,,,,,,,
27,-3.1440284,-3.1440383,-3.144047,-3.144054,-3.1440595,-3.1440627,-3.144063,-3.1440606,-3.1440543,-3.1440437,-3.1440274,-3.1440044,-3.143974,-3.143934,-3.143884,-3.143821,-3.1437436,-3.1436496,-3.1435355,-3.1433986,-3.1432354,-3.1430417,-3.142813,-3.1425447,-3.1422303,-3.1418635,-3.141436,-3.14094,-3.140366,-3.1397024,-3.1389372,-3.1380564,-3.1370444,-3.1358835,-3.1345535,-3.133032,-3.131294,-3.129311,-3.1270515,-3.1244798,-3.121556,-3.118236,-3.1144702,-3.1102041,-3.1053768,-3.099921,-3.0937625,-3.0868201,-3.0790051,-3.0702205,-3.0603617,-3.0493155,-3.0369614,-3.0231711,-3.0078094,-2.9907355,-2.9718041,-2.9508669,-2.927775,-2.9023816,-2.874544,-2.8441274,-2.81100816,-2.7750767,-2.736241,-2.6944293,-2.64959285,-2.60170746,-2.55077466,-2.4968219,-2.4399021,-2.38009152,-2.3174883,-2.25220906,-2.1843857,-2.11416192,-2.04168952,-1.96712503,-1.8906265,-1.8123506,-1.73245036,-1.65107316,-1.56835939,-1.4844414,-1.39944287,-1.31347857,-1.22665437,-1.13906741,-1.0508065,-0.961952585,-0.87257934,-0.78275377,-0.692536794,-0.601983906,-0.511145777,-0.420068814,-0.328795754,-0.237366172,-0.145816997,,,,,,,,,,,,,,,,,,,,,,,,,,,,,,,,,,,,,,,,,,,,,,,,,,,,,,,,,,,,,,,,,,,,,,,,,,,,,,,,,,,,,,,,,,,,,,,,,,,,,,,,,,,,,,,,,,,,,,,,,,,,,,,,,,,,,,,,,,,,,,,,,,,,,,,,,,,,,,,,,,,,,,,,,,,,,,,,,,,,,,,,,,,,,,,,,,,,,,
28,-3.116368,-3.116376,-3.1163816,-3.1163854,-3.116386,-3.116385,-3.1163813,-3.116374,-3.1163625,-3.116346,-3.116324,-3.1162954,-3.1162586,-3.1162127,-3.116156,-3.116086,-3.116002,-3.115901,-3.1157803,-3.1156366,-3.115467,-3.115267,-3.115032,-3.114758,-3.1144383,-3.1140673,-3.1136366,-3.113138,-3.1125635,-3.1119006,-3.1111383,-3.1102625,-3.1092584,-3.1081084,-3.1067932,-3.1052906,-3.1035765,-3.1016233,-3.0993997,-3.0968712,-3.093999,-3.0907403,-3.0870466,-3.0828644,-3.0781346,-3.0727913,-3.0667623,-3.0599682,-3.0523223,-3.0437296,-3.0340875,-3.0232855,-3.011205,-2.9977198,-2.9826972,-2.9659981,-2.947479,-2.9269929,-2.9043919,-2.8795295,-2.8522629,-2.8224567,-2.78998524,-2.7547367,-2.71661584,-2.6755472,-2.6314773,-2.5843768,-2.534242,-2.4810945,-2.42498155,-2.36597401,-2.30416474,-2.23966568,-2.17260467,-2.103122,-2.0313668,-1.95749363,-1.88165923,-1.8040197,-1.72472791,-1.64393168,-1.56177218,-1.47838285,-1.3938887,-1.30840604,-1.22204227,-1.13489623,-1.04705838,-0.958611335,-0.86963038,-0.780184074,-0.690334853,-0.600139638,-0.509650457,-0.418915021,-0.327977289,-0.236878007,-0.145655223,,,,,,,,,,,,,,,,,,,,,,,,,,,,,,,,,,,,,,,,,,,,,,,,,,,,,,,,,,,,,,,,,,,,,,,,,,,,,,,,,,,,,,,,,,,,,,,,,,,,,,,,,,,,,,,,,,,,,,,,,,,,,,,,,,,,,,,,,,,,,,,,,,,,,,,,,,,,,,,,,,,,,,,,,,,,,,,,,,,,,,,,,,,,,,,,,,,,,,
29,-3.089636,-3.089639,-3.0896406,-3.08964,-3.089638,-3.089633,-3.089625,-3.0896134,-3.0895976,-3.089577,-3.08955,-3.0895163,-3.0894747,-3.089423,-3.089361,-3.089286,-3.089196,-3.089089,-3.0889625,-3.088813,-3.0886375,-3.0884324,-3.088193,-3.087914,-3.0875905,-3.0872156,-3.0867826,-3.086283,-3.085708,-3.0850466,-3.0842874,-3.0834173,-3.0824208,-3.0812816,-3.0799807,-3.0784964,-3.076805,-3.0748794,-3.0726897,-3.0702017,-3.067378,-3.0641762,-3.0605495,-3.0564455,-3.0518063,-3.0465676,-3.040659,-3.0340028,-3.026514,-3.0180998,-3.0086596,-2.9980848,-2.986259,-2.9730586,-2.9583524,-2.9420036,-2.9238702,-2.9038066,-2.8816662,-2.8573028,-2.8305739,-2.801343,-2.7694835,-2.7348815,-2.6974388,-2.6570765,-2.6137369,-2.56738615,-2.51801517,-2.4656405,-2.41030366,-2.35207043,-2.2910286,-2.22728547,-2.16096486,-2.0922036,-2.02114806,-1.94795075,-1.872767,-1.79575204,-1.71705855,-1.63683458,-1.55522192,-1.47235493,-1.38835985,-1.30335429,-1.21744721,-1.130738944,-1.04332154,-0.955279174,-0.866688696,-0.77762016,-0.688137446,-0.598298864,-0.508157767,-0.417763122,-0.32716009,-0.236390563,-0.145493677,,,,,,,,,,,,,,,,,,,,,,,,,,,,,,,,,,,,,,,,,,,,,,,,,,,,,,,,,,,,,,,,,,,,,,,,,,,,,,,,,,,,,,,,,,,,,,,,,,,,,,,,,,,,,,,,,,,,,,,,,,,,,,,,,,,,,,,,,,,,,,,,,,,,,,,,,,,,,,,,,,,,,,,,,,,,,,,,,,,,,,,,,,,,,,,,,,,,,,
30,-3.06379,-3.0637914,-3.063791,-3.0637883,-3.063783,-3.0637753,-3.063764,-3.063749,-3.0637297,-3.063705,-3.063674,-3.0636364,-3.06359,-3.063534,-3.0634673,-3.0633876,-3.0632926,-3.063181,-3.063049,-3.062895,-3.0627152,-3.0625053,-3.062262,-3.0619797,-3.0616525,-3.061275,-3.0608407,-3.0603404,-3.0597652,-3.059106,-3.0583503,-3.0574854,-3.0564969,-3.055368,-3.0540805,-3.0526134,-3.0509435,-3.0490441,-3.0468859,-3.0444358,-3.0416572,-3.0385085,-3.0349438,-3.0309125,-3.0263575,-3.021216,-3.0154193,-3.008891,-3.0015482,-2.9932998,-2.9840472,-2.973684,-2.9620957,-2.9491607,-2.93475,-2.9187285,-2.9009559,-2.8812884,-2.8595802,-2.8356858,-2.8094629,-2.7807747,-2.7494935,-2.7155035,-2.6787042,-2.63901336,-2.5963697,-2.5507349,-2.5020951,-2.4504618,-2.3958715,-2.3383847,-2.2780845,-2.21507355,-2.14947172,-2.08141233,-2.01103902,-1.9385021,-1.86395534,-1.78755306,-1.70944753,-1.62978687,-1.54871334,-1.4663621,-1.38286044,-1.29832722,-1.21287275,-1.12659879,-1.03959889,-0.95195874,-0.86375663,-0.77506407,-0.68594633,-0.596463063,-0.506668902,-0.416614045,-0.32634482,-0.235904233,-0.14533249,,,,,,,,,,,,,,,,,,,,,,,,,,,,,,,,,,,,,,,,,,,,,,,,,,,,,,,,,,,,,,,,,,,,,,,,,,,,,,,,,,,,,,,,,,,,,,,,,,,,,,,,,,,,,,,,,,,,,,,,,,,,,,,,,,,,,,,,,,,,,,,,,,,,,,,,,,,,,,,,,,,,,,,,,,,,,,,,,,,,,,,,,,,,,,,,,,,,,,
31,-3.0387423,-3.0387417,-3.038739,-3.0387343,-3.0387266,-3.0387156,-3.0387016,-3.038684,-3.038661,-3.038633,-3.0385987,-3.038557,-3.0385075,-3.0384478,-3.0383766,-3.038293,-3.0381943,-3.0380783,-3.0379433,-3.0377853,-3.0376017,-3.0373884,-3.0371413,-3.036856,-3.036527,-3.0361483,-3.0357123,-3.035212,-3.0346383,-3.033981,-3.0332293,-3.0323704,-3.0313897,-3.0302714,-3.0289972,-3.0275468,-3.0258971,-3.0240228,-3.0218946,-3.0194805,-3.016744,-3.0136455,-3.0101392,-3.006176,-3.0016995,-2.9966492,-2.990957,-2.9845486,-2.9773423,-2.9692488,-2.9601719,-2.9500066,-2.9386406,-2.9259542,-2.9118205,-2.8961062,-2.8786727,-2.8593776,-2.8380763,-2.8146242,-2.7888793,-2.7607045,-2.7299713,-2.69656225,-2.66037487,-2.621324,-2.5793449,-2.5343953,-2.4864568,-2.4355362,-2.38166506,-2.3248991,-2.26531652,-2.20301577,-2.13811262,-2.07073705,-2.00102974,-1.9291388,-1.85521635,-1.77941568,-1.70188847,-1.62278282,-1.54224128,-1.46039973,-1.37738632,-1.29332106,-1.20831548,-1.12247275,-1.03588777,-0.94864765,-0.8608321,-0.77251399,-0.68375996,-0.594630943,-0.505182824,-0.41546699,-0.325530908,-0.235418676,-0.145171549,,,,,,,,,,,,,,,,,,,,,,,,,,,,,,,,,,,,,,,,,,,,,,,,,,,,,,,,,,,,,,,,,,,,,,,,,,,,,,,,,,,,,,,,,,,,,,,,,,,,,,,,,,,,,,,,,,,,,,,,,,,,,,,,,,,,,,,,,,,,,,,,,,,,,,,,,,,,,,,,,,,,,,,,,,,,,,,,,,,,,,,,,,,,,,,,,,,,,,
32,-3.014471,-3.0144683,-3.0144634,-3.014456,-3.014446,-3.014433,-3.0144163,-3.0143957,-3.0143703,-3.0143393,-3.014302,-3.014257,-3.014204,-3.014141,-3.0140665,-3.013979,-3.013877,-3.0137577,-3.013619,-3.0134576,-3.0132706,-3.013054,-3.0128045,-3.012517,-3.012186,-3.0118057,-3.011369,-3.010869,-3.0102962,-3.0096415,-3.0088937,-3.00804,-3.0070667,-3.0059582,-3.0046967,-3.0032618,-3.001631,-2.99978,-2.9976799,-2.995299,-2.992602,-2.9895497,-2.9860978,-2.9821977,-2.9777947,-2.972829,-2.9672342,-2.9609373,-2.953858,-2.9459093,-2.9369962,-2.9270159,-2.9158578,-2.9034043,-2.8895301,-2.874104,-2.856989,-2.8380442,-2.8171263,-2.7940915,-2.7687982,-2.7411093,-2.7108957,-2.6780385,-2.6424335,-2.60399295,-2.56264887,-2.51835525,-2.4710898,-2.4208546,-2.36767675,-2.3116071,-2.25271937,-2.1911077,-2.126884,-2.06017478,-1.99111784,-1.91985893,-1.84654852,-1.77133866,-1.6943804,-1.61582167,-1.53580518,-1.45446734,-1.37193711,-1.28833551,-1.20377523,-1.11836065,-1.03218804,-0.94534581,-0.85791501,-0.76996987,-0.68157829,-0.592802474,-0.503699507,-0.414321934,-0.32471834,-0.234933886,-0.145010851,,,,,,,,,,,,,,,,,,,,,,,,,,,,,,,,,,,,,,,,,,,,,,,,,,,,,,,,,,,,,,,,,,,,,,,,,,,,,,,,,,,,,,,,,,,,,,,,,,,,,,,,,,,,,,,,,,,,,,,,,,,,,,,,,,,,,,,,,,,,,,,,,,,,,,,,,,,,,,,,,,,,,,,,,,,,,,,,,,,,,,,,,,,,,,,,,,,,,,
