rar_iter,epoch,pde_loss,bc_loss,ic_loss,train_loss,val_loss,theta_loss,total_loss,learning_rate,pde_weight,bc_weight,ic_weight,obs_weight,theta_weight
1,10,2.742433163922204e-05,0.8652498126029968,5.703639030456543,0.41547197103500366,0.41503000259399414,0.00519276550039649,225.0736423263693,0.002,1.0,30.0,30.0,8.0,40.0
1,20,0.01934176111522539,0.8130751252174377,3.6580076217651367,0.394270122051239,0.3932051360607147,0.002033113269135356,150.54827079019,0.002,1.0,30.0,30.0,8.0,40.0
1,30,0.0014600444191586307,0.8227277398109436,1.2298426628112793,0.21244335174560547,0.20668531954288483,0.0008843552204780281,66.82025982946453,0.002,1.0,30.0,30.0,8.0,40.0
1,40,0.0038532816312138083,0.8100844621658325,0.6303879022598267,0.2165144979953766,0.21132194995880127,0.0022275049705058336,48.15850534381536,0.002,1.0,30.0,30.0,8.0,40.0
1,50,0.02231841433739579,0.8107213973999023,0.22026848793029785,0.2039208859205246,0.19990238547325134,0.0019185300916433334,34.37783610394443,0.002,1.0,30.0,30.0,8.0,40.0
1,60,0.008879233901004768,0.8129202723503113,0.11603358387947083,0.12120989710092545,0.11522433906793594,0.0003720980603247881,31.14549259846799,0.002,1.0,30.0,30.0,8.0,40.0
1,70,0.0008296016437012107,0.8173466324806213,0.080956369638443,0.14004531502723694,0.13347162306308746,0.0004426066589076072,29.66479655035225,0.002,1.0,30.0,30.0,8.0,40.0
1,80,0.0574976918907244,0.811119019985199,0.0733831450343132,0.10001903772354126,0.09165994822978973,0.00019498911569826305,29.30213354531964,0.002,1.0,30.0,30.0,8.0,40.0
1,90,0.01650266439444216,0.8100011944770813,0.10537945479154587,0.1170806959271431,0.10796308517456055,0.00047669591731391847,30.371951724402354,0.002,1.0,30.0,30.0,8.0,40.0
1,100,0.0006195566009422439,0.8128585815429688,0.04243728518486023,0.11343420296907425,0.10604828596115112,0.00017110553744714707,28.130199225154332,0.002,1.0,30.0,30.0,8.0,40.0
1,110,0.001906696090364339,0.815829336643219,0.04637434333562851,0.16532380878925323,0.15840908885002136,0.00045569479698315263,28.760800262291916,0.002,1.0,30.0,30.0,8.0,40.0
1,120,0.008350796067196803,0.8125824332237244,0.10380803048610687,0.14535214006900787,0.13852696120738983,0.00022308446932584047,30.81321445955752,0.002,1.0,30.0,30.0,8.0,40.0
1,130,0.0010919173404185028,0.8108699917793274,0.06474366784095764,0.08105501532554626,0.07356704026460648,7.417345477733761e-05,28.466113443468984,0.002,1.0,30.0,30.0,8.0,40.0
1,140,0.016795680163045303,0.8099976778030396,0.02127220667898655,0.16405822336673737,0.15652473270893097,0.0010681472485885024,27.81410193776826,0.002,1.0,30.0,30.0,8.0,40.0
1,150,0.014498344785050738,0.8110162019729614,0.030024677515029907,0.08953019231557846,0.08049427717924118,8.755508315516636e-05,27.410139327994255,0.002,1.0,30.0,30.0,8.0,40.0
1,160,0.00346147084817787,0.8101119995117188,0.03203711286187172,0.08875789493322372,0.08069179207086563,0.00011461844405857846,27.347330268346948,0.002,1.0,30.0,30.0,8.0,40.0
1,170,0.0047465263846841405,0.8110427856445312,0.03612541779875755,0.08657688647508621,0.07756126672029495,0.0001012478896882385,27.569203608830097,0.002,1.0,30.0,30.0,8.0,40.0
1,180,0.003224521668586176,0.8102143406867981,0.01908755861222744,0.08196718245744705,0.07311941683292389,5.6757406127871946e-05,26.74959621476603,0.002,1.0,30.0,30.0,8.0,40.0
1,190,0.0023270089349292024,0.8100042343139648,0.01089890580624342,0.11039145290851593,0.10163035243749619,0.00023195204266812652,26.75357990679085,0.002,1.0,30.0,30.0,8.0,40.0
1,200,0.002072746685662028,0.8129579424858093,0.06152534857392311,0.17537564039230347,0.16925786435604095,0.0004249764606356621,29.335591029463394,0.0019,1.0,30.0,30.0,8.0,40.0
1,210,0.004083191333800928,0.8100008368492126,0.00942414440214634,0.2458769977092743,0.23887982964515686,0.0019195106578990817,28.020599875892866,0.0019,1.0,30.0,30.0,8.0,40.0
1,220,0.0040973404674658955,0.8100016117095947,0.0077250562608242035,0.1887637972831726,0.1806701421737671,0.0009694117470644414,27.270876620664183,0.0019,1.0,30.0,30.0,8.0,40.0
1,230,0.011250930900630542,0.8100033402442932,0.04039141163229942,0.1447271853685379,0.13566628098487854,0.0006521512405015528,27.967937810029568,0.0019,1.0,30.0,30.0,8.0,40.0
1,240,0.0047399049524449914,0.8100083470344543,0.012274118140339851,0.09935810416936874,0.08996614068746567,0.0002915780642069876,26.591371736265742,0.0019,1.0,30.0,30.0,8.0,40.0
1,250,0.0006821451347598157,0.8102364540100098,0.013417999260127544,0.07987359166145325,0.07062415778636932,6.718987424392253e-05,26.385406670557586,0.0019,1.0,30.0,30.0,8.0,40.0
1,260,0.0018669015718028603,0.810019314289093,0.02675733156502247,0.08507965505123138,0.07545485347509384,0.00011107706814073026,26.907578548738556,0.0019,1.0,30.0,30.0,8.0,40.0
1,270,0.007384283254036576,0.81000816822052,0.007252737879753113,0.11836523562669754,0.10928747057914734,0.00038449178100563586,26.561651484079544,0.0019,1.0,30.0,30.0,8.0,40.0
1,280,0.0012943479233298812,0.810012698173523,0.014929228462278843,0.17991425096988678,0.17139184474945068,0.0008611569064669311,27.349482600998808,0.0019,1.0,30.0,30.0,8.0,40.0
1,290,0.0008332423162208753,0.8118419051170349,0.004225778393447399,0.11888187378644943,0.11040731519460678,0.0003004985919687897,26.43753748205967,0.0019,1.0,30.0,30.0,8.0,40.0
1,300,0.006224560256046007,0.8102397918701172,0.004878079518675804,0.07530052959918976,0.06589894741773605,7.285835454240441e-05,26.0002546907802,0.0019,1.0,30.0,30.0,8.0,40.0
1,310,0.0014602993898433173,0.8101515173912048,0.06428621709346771,0.0746506005525589,0.06530957669019699,5.491269985213876e-05,27.87333221966325,0.0019,1.0,30.0,30.0,8.0,40.0
1,320,0.0011887401564813832,0.810294508934021,0.02633569948375225,0.07914900034666061,0.07011912763118744,8.471142791677266e-05,26.804076225526348,0.0019,1.0,30.0,30.0,8.0,40.0
1,330,0.0025118570874972197,0.8101903796195984,0.02099538967013359,0.07286573201417923,0.06344415247440338,6.256962660700083e-05,26.49117160648713,0.0019,1.0,30.0,30.0,8.0,40.0
1,340,0.0016097281937366855,0.8100225329399109,0.032443512231111526,0.07651477307081223,0.0675363689661026,6.636349280597642e-05,26.891008276607476,0.0019,1.0,30.0,30.0,8.0,40.0
1,350,0.012702980136378987,0.8100361227989197,0.03705628588795662,0.06985187530517578,0.060808297246694565,5.4617739806417376e-05,27.045001283636662,0.0019,1.0,30.0,30.0,8.0,40.0
1,360,0.010340825545977837,0.8100157380104065,0.021605394780635834,0.08227164298295975,0.07356338202953339,8.923075802158564e-05,26.60606386824939,0.0019,1.0,30.0,30.0,8.0,40.0
1,370,0.005753467824156789,0.8100264072418213,0.038816776126623154,0.07785467058420181,0.06907473504543304,6.108083471190184e-05,27.12119173557648,0.0019,1.0,30.0,30.0,8.0,40.0
1,380,0.005787244420727694,0.8100980520248413,0.021523181349039078,0.06889249384403229,0.05982130393385887,4.70784907520283e-05,26.51222946850009,0.0019,1.0,30.0,30.0,8.0,40.0
1,390,0.0006964167546716434,0.8100503087043762,0.03508807346224785,0.07309920340776443,0.0641784518957138,4.845127114094794e-05,26.934613102824223,0.0019,1.0,30.0,30.0,8.0,40.0
1,400,0.0005644122909798145,0.8100667595863342,0.05372506007552147,0.0739288404583931,0.06507284194231033,4.8103585868375376e-05,27.554240578107777,0.001805,1.0,30.0,30.0,8.0,40.0
2,10,0.0035397893257790476,0.8101218938827515,0.052821893244981766,0.07275084406137466,0.06391222774982452,5.2087267249589786e-05,27.58193564076243,0.001805,1.0,30.0,30.0,8.0,40.0
2,20,0.006666930969854201,0.8104502558708191,0.03701426461338997,0.08180367201566696,0.0725693628191948,0.00010044412192655727,27.035904534589402,0.001805,1.0,30.0,30.0,8.0,40.0
2,30,0.01096971340298299,0.8100296258926392,0.014304805546998978,0.0690440759062767,0.05982765927910805,6.402628787327558e-05,26.2315885487405,0.001805,1.0,30.0,30.0,8.0,40.0
2,40,0.0007184585684306228,0.8101838827133179,0.01302395761013031,0.06915327906608582,0.05998871475458145,5.846537897014059e-05,26.138851564729126,0.001805,1.0,30.0,30.0,8.0,40.0
2,50,0.00451635866731036,0.8100255131721497,0.004803435876965523,0.07242831587791443,0.06346824020147324,8.181911107385531e-05,25.92523446035731,0.001805,1.0,30.0,30.0,8.0,40.0
2,60,0.002082865899568448,0.8101601004600525,0.007186922710388899,0.06582321226596832,0.056715160608291626,4.806787910638377e-05,25.92032633991009,0.001805,1.0,30.0,30.0,8.0,40.0
2,70,0.0005936009069646556,0.8101274967193604,0.004526173230260611,0.06506515294313431,0.056134067475795746,4.446826642379165e-05,25.851393775108104,0.001805,1.0,30.0,30.0,8.0,40.0
2,80,0.00213517322613808,0.8100388050079346,0.013750148937106133,0.06860554963350296,0.0599503330886364,4.797125802724622e-05,26.16575759408029,0.001805,1.0,30.0,30.0,8.0,40.0
2,90,0.004063038515722493,0.8100589513778687,0.003529605222865939,0.06262236088514328,0.05371657758951187,3.8643400330329314e-05,25.78755843420016,0.001805,1.0,30.0,30.0,8.0,40.0
2,100,0.001981624036339278,0.8101177215576172,0.012150087393820286,0.06370227783918381,0.05485824868083,3.675943298730999e-05,26.056686396788642,0.001805,1.0,30.0,30.0,8.0,40.0
2,110,0.0008159313903478597,0.8101037740707397,0.004247843753546476,0.0620451457798481,0.05322366952896118,3.5800891055259854e-05,25.80281866308556,0.001805,1.0,30.0,30.0,8.0,40.0
2,120,0.011550905599343936,0.8100769519805908,0.011257918551564217,0.06389199942350388,0.055229462683200836,3.6742316297022626e-05,26.03824227504976,0.001805,1.0,30.0,30.0,8.0,40.0
2,130,0.004121594701701802,0.8101077675819397,0.004418074619024992,0.06136895343661308,0.05262076482176781,3.4495598811190575e-05,25.802360473669523,0.001805,1.0,30.0,30.0,8.0,40.0
2,140,0.0011629861024718311,0.8100787997245789,0.01096768956631422,0.06330043822526932,0.05470321699976921,3.587593892007135e-05,26.00995066668257,0.001805,1.0,30.0,30.0,8.0,40.0
2,150,0.0051635651316961975,0.8101075291633606,0.0043524643406271935,0.060695845633745193,0.0520155131816864,3.326419391669333e-05,25.791477767637005,0.001805,1.0,30.0,30.0,8.0,40.0
2,160,0.013113244517263055,0.8100823760032654,0.010987183079123497,0.06271543353796005,0.0541720986366272,3.483777982182801e-05,26.014450247829338,0.001805,1.0,30.0,30.0,8.0,40.0
2,170,0.0020810011196786367,0.8101097345352173,0.00416678749024868,0.06010264903306961,0.051486991345882416,3.2147709134733304e-05,25.773349016054,0.001805,1.0,30.0,30.0,8.0,40.0
2,180,0.004993020268105842,0.8100842833518982,0.011179255321621895,0.062263038009405136,0.05377264320850372,3.410941644688137e-05,26.005834515012342,0.001805,1.0,30.0,30.0,8.0,40.0
2,190,0.0018933471540464534,0.8101127743721008,0.003918090835213661,0.05954844132065773,0.050993140786886215,3.1084917281987146e-05,25.75652626726086,0.001805,1.0,30.0,30.0,8.0,40.0
2,200,0.002464928285408197,0.8100855350494385,0.011469061486423016,0.06188984587788582,0.05344807729125023,3.353835199959576e-05,26.006868021219308,0.00171475,1.0,30.0,30.0,8.0,40.0
2,210,0.001944873930126811,0.8101140260696411,0.0029540874529629946,0.05894308164715767,0.05043546110391617,2.996714465552941e-05,25.71435392823672,0.00171475,1.0,30.0,30.0,8.0,40.0
2,220,0.0008557851271074599,0.8100863695144653,0.011150723323225975,0.06142490357160568,0.05302213132381439,3.2962219847831875e-05,25.98829484554779,0.00171475,1.0,30.0,30.0,8.0,40.0
2,230,0.0022811652674200517,0.8101181983947754,0.003058840287849307,0.05844557285308838,0.04999787360429764,2.902828055084683e-05,25.711076488384066,0.00171475,1.0,30.0,30.0,8.0,40.0
2,240,0.0007971512864307223,0.8100874423980713,0.01066050585359335,0.060910068452358246,0.05254298821091652,3.233791721868329e-05,25.965038334226872,0.00171475,1.0,30.0,30.0,8.0,40.0
2,250,0.0008899634393014883,0.8101213574409485,0.003252195892855525,0.05798858776688576,0.049606792628765106,2.8228587325429544e-05,25.709716176086484,0.00171475,1.0,30.0,30.0,8.0,40.0
2,260,0.004432277333337961,0.8100876808166504,0.010428532026708126,0.06049230322241783,0.05215836316347122,3.19215287163388e-05,25.955153850676226,0.00171475,1.0,30.0,30.0,8.0,40.0
2,270,0.0006932935949353204,0.8101253509521484,0.0031117983162403107,0.05749658867716789,0.049158789217472076,2.7322430469212122e-05,25.697611610369762,0.00171475,1.0,30.0,30.0,8.0,40.0
2,280,0.0013147497035486812,0.8100876212120056,0.010298670269548893,0.06011054664850235,0.05180726572871208,3.157329047098756e-05,25.942181185370526,0.00171475,1.0,30.0,30.0,8.0,40.0
2,290,0.0019199369698995863,0.8101271390914917,0.0032969957683235407,0.057087816298007965,0.04881680756807327,2.6682080715545453e-05,25.699395714574166,0.00171475,1.0,30.0,30.0,8.0,40.0
2,300,0.0013929766298768436,0.8100870251655579,0.01033785380423069,0.05978880450129509,0.05151177570223808,3.1397106795338914e-05,25.938881876603563,0.00171475,1.0,30.0,30.0,8.0,40.0
2,310,0.001632042769252106,0.8101314306259155,0.0028903144411742687,0.056553084403276443,0.0483030304312706,2.5719906261656433e-05,25.677470654632835,0.00171475,1.0,30.0,30.0,8.0,40.0
2,320,0.001819506901854294,0.8100860714912415,0.009968476369976997,0.059377521276474,0.051128920167684555,3.1112202123040333e-05,25.921046415354255,0.00171475,1.0,30.0,30.0,8.0,40.0
2,330,0.004460751108675297,0.810131847858429,0.003726659342646599,0.05631999671459198,0.04817008227109909,2.550328463257756e-05,25.705762284746562,0.00171475,1.0,30.0,30.0,8.0,40.0
2,340,0.0021138831301800694,0.8100859522819519,0.009679866954684258,0.058953940868377686,0.05072108656167984,3.084217678406276e-05,25.906690636723752,0.00171475,1.0,30.0,30.0,8.0,40.0
2,350,0.010880872666498216,0.8101396560668945,0.0031221231911331415,0.05569520965218544,0.04751870036125183,2.429531014058739e-05,25.682246330624515,0.00171475,1.0,30.0,30.0,8.0,40.0
2,360,0.0013201831483620786,0.8100864887237549,0.008209859021008015,0.05818406492471695,0.049976639449596405,2.994872920680791e-05,25.847957545118714,0.00171475,1.0,30.0,30.0,8.0,40.0
2,370,0.002746334696685247,0.8101410269737244,0.005122295580804348,0.05582888051867485,0.04780066758394241,2.4668446712894365e-05,25.744360154386204,0.00171475,1.0,30.0,30.0,8.0,40.0
2,380,0.007480551176441036,0.8100864291191101,0.007225191220641136,0.05755037069320679,0.04936447739601135,2.9345243092393503e-05,25.81406647984538,0.00171475,1.0,30.0,30.0,8.0,40.0
2,390,0.003270195775699511,0.8101464509963989,0.0044541736133396626,0.05527275428175926,0.047229308634996414,2.368519017181825e-05,25.71380295518655,0.00171475,1.0,30.0,30.0,8.0,40.0
2,400,0.0017362824625433485,0.8100854754447937,0.007446835748851299,0.05730403587222099,0.04913036525249481,2.934504664153792e-05,25.81211463290917,0.0016290124999999997,1.0,30.0,30.0,8.0,40.0
3,10,0.001125786499114447,0.810143232345581,0.0037076014559715986,0.054757025092840195,0.04675266891717911,2.312589276698418e-05,25.679339974898692,0.0016290124999999997,1.0,30.0,30.0,8.0,40.0
3,20,0.0007211106662419536,0.8100837469100952,0.0073918430134654045,0.05700378119945526,0.04885021597146988,2.9371607524808496e-05,25.804798285568673,0.0016290124999999997,1.0,30.0,30.0,8.0,40.0
3,30,0.010597904259427346,0.8101456165313721,0.0034967423416674137,0.054323576390743256,0.046346064656972885,2.2531037757289596e-05,25.675430826180033,0.0016290124999999997,1.0,30.0,30.0,8.0,40.0
3,40,0.004773346564745399,0.8100823163986206,0.007314144168049097,0.056685809046030045,0.04855111986398697,2.9393737349892035e-05,25.8016714154231,0.0016290124999999997,1.0,30.0,30.0,8.0,40.0
3,50,0.012408380827536997,0.8101478219032288,0.0036260623019188643,0.0539981834590435,0.04607190936803818,2.2153895770316012e-05,25.67710827501446,0.0016290124999999997,1.0,30.0,30.0,8.0,40.0
3,60,0.00170407998014221,0.810080885887146,0.007242965511977673,0.05636836588382721,0.04825068265199661,2.943626714113634e-05,25.791701443812443,0.0016290124999999997,1.0,30.0,30.0,8.0,40.0
3,70,0.004293643732221858,0.8101505637168884,0.003511361312121153,0.05358937755227089,0.04569217935204506,2.1631754862028174e-05,25.659191535524865,0.0016290124999999997,1.0,30.0,30.0,8.0,40.0
3,80,0.002567951528465692,0.8100795745849609,0.007068352773785591,0.05600137263536453,0.04790289327502251,2.9410741262836382e-05,25.781631747545465,0.0016290124999999997,1.0,30.0,30.0,8.0,40.0
3,90,0.014559076744660285,0.8101528882980347,0.003662334755063057,0.05327460542321205,0.04542665556073189,2.130178290826734e-05,25.67004843491526,0.0016290124999999997,1.0,30.0,30.0,8.0,40.0
3,100,0.002699330458136817,0.8100782036781311,0.006956291850656271,0.055676914751529694,0.047595150768756866,2.9506754799513146e-05,25.773430290764672,0.0016290124999999997,1.0,30.0,30.0,8.0,40.0
3,110,0.0065717092167026135,0.8101559281349182,0.0036135725677013397,0.052886493504047394,0.045068271458148956,2.0846884581260383e-05,25.654669146248242,0.0016290124999999997,1.0,30.0,30.0,8.0,40.0
3,120,0.005130942527736433,0.8100773096084595,0.006708798464387655,0.055264104157686234,0.04720308259129524,2.9399981940514408e-05,25.761980947329626,0.0016290124999999997,1.0,30.0,30.0,8.0,40.0
3,130,0.0032831414737841645,0.8101592659950256,0.0037983956281095743,0.05260949954390526,0.04483978822827339,2.05912710953271e-05,25.65349687309759,0.0016290124999999997,1.0,30.0,30.0,8.0,40.0
3,140,0.004102373870624562,0.8100762367248535,0.006500704679638147,0.05488136038184166,0.04683926701545715,2.9408496629912406e-05,25.748882906766298,0.0016290124999999997,1.0,30.0,30.0,8.0,40.0
3,150,0.013611827206825007,0.8101629018783569,0.003855555085465312,0.052275121212005615,0.044539548456668854,2.025181493081618e-05,25.660815421565697,0.0016290124999999997,1.0,30.0,30.0,8.0,40.0
3,160,0.0023806736210173086,0.8100758194923401,0.006176348775625229,0.054410167038440704,0.04639105871319771,2.918553218478337e-05,25.73013056824334,0.0016290124999999997,1.0,30.0,30.0,8.0,40.0
3,170,0.0006471072879726954,0.8101673722267151,0.0040849000215530396,0.05203654244542122,0.04434865713119507,2.0087220036657527e-05,25.65152335081579,0.0016290124999999997,1.0,30.0,30.0,8.0,40.0
3,180,0.007312214870337616,0.8100751638412476,0.005859463009983301,0.05395065248012543,0.04595387354493141,2.9060969609417953e-05,25.718526261668316,0.0016290124999999997,1.0,30.0,30.0,8.0,40.0
3,190,0.0057982866463949425,0.810171902179718,0.004280085675418377,0.0517716109752655,0.04412435367703438,1.9892260752385482e-05,25.65893599212258,0.0016290124999999997,1.0,30.0,30.0,8.0,40.0
3,200,0.002000825032386708,0.8100752234458923,0.005451347678899765,0.05341697484254837,0.0454455241560936,2.8701766495942138e-05,25.692766527350845,0.0015475618749999996,1.0,30.0,30.0,8.0,40.0
3,210,0.004059655091319617,0.8101720809936523,0.003849827218800783,0.05125841498374939,0.0436328761279583,1.9410692402743734e-05,25.635298292408756,0.0015475618749999996,1.0,30.0,30.0,8.0,40.0
3,220,0.013952461468607279,0.8100764155387878,0.004727509804069996,0.05269348621368408,0.04474944621324539,2.791436781990342e-05,25.67210193668946,0.0015475618749999996,1.0,30.0,30.0,8.0,40.0
3,230,0.009071382689109264,0.810181736946106,0.004549392499029636,0.05128483846783638,0.043719518929719925,1.964586044778116e-05,25.66271152333018,0.0015475618749999996,1.0,30.0,30.0,8.0,40.0
3,240,0.0018816125517468747,0.8100785613059998,0.003850584616884589,0.051824796944856644,0.043914422392845154,2.6792236894834787e-05,25.620787832590953,0.0015475618749999996,1.0,30.0,30.0,8.0,40.0
3,250,0.002518446751795431,0.8101947903633118,0.00547799514606595,0.051501497626304626,0.044005103409290314,2.0237916032783687e-05,25.688327275503557,0.0015475618749999996,1.0,30.0,30.0,8.0,40.0
3,260,0.0033078481435376496,0.8100817799568176,0.002952071838080883,0.05087626352906227,0.04300317540764809,2.5382481908309273e-05,25.581516844901433,0.0015475618749999996,1.0,30.0,30.0,8.0,40.0
3,270,0.01052217387481376,0.8102110624313354,0.006768047343939543,0.05197247490286827,0.04455488547682762,2.1318162907846272e-05,25.743078194126465,0.0015475618749999996,1.0,30.0,30.0,8.0,40.0
3,280,0.015891219604466274,0.8100867867469788,0.001966548850759864,0.049770891666412354,0.04194460064172745,2.3574109945911914e-05,25.54890835495885,0.0015475618749999996,1.0,30.0,30.0,8.0,40.0
3,290,0.0005250052435711334,0.8102030754089355,0.00899476371705532,0.05158037692308426,0.04423628747463226,2.0833951566601172e-05,25.802046795314663,0.0015475618749999996,1.0,30.0,30.0,8.0,40.0
3,300,0.0016032908960796639,0.8101010322570801,0.002735607326030731,0.04873405396938324,0.0409383587539196,2.0566536477417685e-05,25.547180086366048,0.0015475618749999996,1.0,30.0,30.0,8.0,40.0
3,310,0.007257334482040879,0.8101033568382263,0.005626367870718241,0.04764387384057045,0.040165483951568604,1.9564549802453257e-05,25.648095982223516,0.0015475618749999996,1.0,30.0,30.0,8.0,40.0
3,320,0.006854592199234358,0.8100588321685791,0.005002068821340799,0.05068213865160942,0.04290163889527321,3.040224692085758e-05,25.64257101964424,0.0015475618749999996,1.0,30.0,30.0,8.0,40.0
3,330,0.0007594693120965248,0.8102832436561584,0.0025260066613554955,0.05388086289167404,0.04656852409243584,3.093520717811771e-05,25.597121345171754,0.0015475618749999996,1.0,30.0,30.0,8.0,40.0
3,340,0.0064396958120373675,0.8100472092628479,0.006088480819016695,0.05318760126829147,0.04542471095919609,3.938780355383642e-05,25.698889445759665,0.0015475618749999996,1.0,30.0,30.0,8.0,40.0
3,350,0.0013433844195756368,0.8101414442062378,0.0035976015496999025,0.04710666835308075,0.03968416899442673,1.704442001937423e-05,25.563222177137412,0.0015475618749999996,1.0,30.0,30.0,8.0,40.0
3,360,0.005767195921476857,0.8100825548171997,0.003971908241510391,0.04861385375261307,0.04089248180389404,2.4422122805844992e-05,25.581450866434647,0.0015475618749999996,1.0,30.0,30.0,8.0,40.0
3,370,0.011034231956268212,0.8102192878723145,0.005523836240172386,0.04926740378141403,0.04199785739183426,1.9496168533805758e-05,25.658487271749888,0.0015475618749999996,1.0,30.0,30.0,8.0,40.0
3,380,0.0027823440280521044,0.8100827932357788,0.0023165566381067038,0.047647614032030106,0.03997276350855827,2.4290044166264124e-05,25.5110638568861,0.0015475618749999996,1.0,30.0,30.0,8.0,40.0
3,390,0.023028967531711013,0.8102430105209351,0.00817575678229332,0.050411008298397064,0.04326364025473595,2.187654717999976e-05,25.76939851952265,0.0015475618749999996,1.0,30.0,30.0,8.0,40.0
3,400,0.0036115557126547675,0.8100969791412354,0.0008092767675407231,0.04572660103440285,0.038129355758428574,2.01260900212219e-05,25.44030022764166,0.0014701837812499995,1.0,30.0,30.0,8.0,40.0
4,10,0.013351416661787314,0.8104220032691956,0.0015784294810146093,0.06799304485321045,0.06101517006754875,5.264637729851529e-05,25.67669646394908,0.0014701837812499995,1.0,30.0,30.0,8.0,40.0
4,20,0.005835621172738527,0.8100102543830872,0.014331738464534283,0.158083975315094,0.150884747505188,0.0006633774028159678,27.027899974890463,0.0014701837812499995,1.0,30.0,30.0,8.0,40.0
4,30,0.007606639720897377,0.8100733160972595,0.002996299648657441,0.04770093411207199,0.0402105376124382,2.8328142434475012e-05,25.53868135769283,0.0014701837812499995,1.0,30.0,30.0,8.0,40.0
4,40,0.0165977967794103,0.8101336359977722,0.02175448089838028,0.06012532487511635,0.052582237869501114,3.337005546200089e-05,26.258615939807374,0.0014701837812499995,1.0,30.0,30.0,8.0,40.0
4,50,0.014419770551075982,0.8100526332855225,0.0008766756509430707,0.052584968507289886,0.04563814029097557,4.794801861862652e-05,25.492672410334098,0.0014701837812499995,1.0,30.0,30.0,8.0,40.0
4,60,0.00205743501125657,0.8100408315658569,0.02399754524230957,0.05271170288324356,0.046011313796043396,7.201465632533655e-05,26.277294272541685,0.0014701837812499995,1.0,30.0,30.0,8.0,40.0
4,70,0.0008986395863617646,0.8136326670646667,0.011737889610230923,0.10277911275625229,0.09600155055522919,0.0004289032949600369,26.43354063450932,0.0014701837812499995,1.0,30.0,30.0,8.0,40.0
4,80,0.00264888206263208,0.810024619102478,0.0193445086479187,0.060902342200279236,0.05352439358830452,0.00022255863586906344,26.16832628128802,0.0014701837812499995,1.0,30.0,30.0,8.0,40.0
4,90,0.005997806666780904,0.8100476861000061,0.07282184809446335,0.12753476202487946,0.12058482319116592,0.00048272672574967146,28.472006928074986,0.0014701837812499995,1.0,30.0,30.0,8.0,40.0
4,100,0.012065268356816587,0.810017466545105,0.01561975758522749,0.06394385546445847,0.056485991925001144,0.00016690880875103176,26.079076846663664,0.0014701837812499995,1.0,30.0,30.0,8.0,40.0
4,110,0.002546393735137755,0.8100070357322693,0.00511721009388566,0.09932602196931839,0.09168985486030579,0.00031726554152555764,26.071241259458183,0.0014701837812499995,1.0,30.0,30.0,8.0,40.0
4,120,0.005676909486740541,0.810417652130127,0.024319078773260117,0.06167708709836006,0.054985079914331436,6.37927878415212e-05,26.371998700260978,0.0014701837812499995,1.0,30.0,30.0,8.0,40.0
4,130,0.0023604582052600995,0.8101593255996704,0.002438492141664028,0.04561102017760277,0.03835421800613403,2.239539935544599e-05,25.46402330398729,0.0014701837812499995,1.0,30.0,30.0,8.0,40.0
4,140,0.0020265323106125437,0.8100212216377258,0.00327370990999043,0.05165528878569603,0.04416419565677643,8.747826359467581e-05,25.54606318032855,0.0014701837812499995,1.0,30.0,30.0,8.0,40.0
4,150,0.0010113252215862832,0.810312032699585,0.011891093105077744,0.04705788567662239,0.03995870053768158,3.660145011963323e-05,25.789010442142715,0.0014701837812499995,1.0,30.0,30.0,8.0,40.0
4,160,0.0007348069275774144,0.8100797533988953,0.021437423303723335,0.042926058173179626,0.03552131727337837,2.2753765733796172e-05,26.053283651493114,0.0014701837812499995,1.0,30.0,30.0,8.0,40.0
4,170,0.001747700142880449,0.8101667761802673,0.04639841243624687,0.04404319450259209,0.03631511330604553,2.8310749257798307e-05,26.906858993629577,0.0014701837812499995,1.0,30.0,30.0,8.0,40.0
4,180,0.00315875427644824,0.8100166916847229,0.021458936855196953,0.048283036798238754,0.04074601083993912,9.832147043198347e-05,26.1022236178162,0.0014701837812499995,1.0,30.0,30.0,8.0,40.0
4,190,0.010635588565655253,0.8100499510765076,0.018480343744158745,0.04237576201558113,0.035109687596559525,3.653198655229062e-05,25.953906455834094,0.0014701837812499995,1.0,30.0,30.0,8.0,40.0
4,200,0.003827825201132135,0.8106400370597839,0.012057535350322723,0.0504932701587677,0.043817952275276184,6.436049443436787e-05,25.835451565543497,0.0013966745921874994,1.0,30.0,30.0,8.0,40.0
4,210,0.0018212209567288933,0.8101718425750732,0.003870809217914939,0.041012562811374664,0.03377486765384674,1.664457522565499e-05,25.442875330044146,0.0013966745921874994,1.0,30.0,30.0,8.0,40.0
4,220,0.00070179732553204,0.8103064298629761,0.0018989412346854806,0.04510573297739029,0.03846783563494682,2.6138464818359353e-05,25.4204897057041,0.0013966745921874994,1.0,30.0,30.0,8.0,40.0
4,230,0.006659858482813447,0.8101935982704163,0.008824130520224571,0.03998718783259392,0.03294726088643074,1.552688809169922e-05,25.58102993300526,0.0013966745921874994,1.0,30.0,30.0,8.0,40.0
4,240,0.0024443141309558264,0.8100138902664185,0.008118807338178158,0.06349476426839828,0.055877361446619034,0.00017035126802511513,25.766144794776594,0.0013966745921874994,1.0,30.0,30.0,8.0,40.0
4,250,0.0007123104432712041,0.8101816773414612,0.00970875658094883,0.03960971534252167,0.03288557380437851,2.016894541156944e-05,25.59744386339386,0.0013966745921874994,1.0,30.0,30.0,8.0,40.0
4,260,0.004787990534653543,0.8110727667808533,0.016372451558709145,0.09090656787157059,0.08681265264749527,0.00013916357420384884,26.34654841908244,0.0013966745921874994,1.0,30.0,30.0,8.0,40.0
4,270,0.0007301936930934915,0.8100726008415222,0.005739972926676273,0.03851364180445671,0.03167462348937988,3.12680313072633e-05,25.436174761245717,0.0013966745921874994,1.0,30.0,30.0,8.0,40.0
4,280,0.001666118161554281,0.8101577758789062,0.0021542445756495,0.036757003515958786,0.030382361263036728,1.714058635116089e-05,25.298844839752636,0.0013966745921874994,1.0,30.0,30.0,8.0,40.0
4,290,0.0012807982774248078,0.8101023435592651,0.006613051053136587,0.03750302642583847,0.031693100929260254,2.1338524675229564e-05,25.455802113004086,0.0013966745921874994,1.0,30.0,30.0,8.0,40.0
4,300,0.00552105887556871,0.8100500702857971,0.004999144468456507,0.03887369856238365,0.03186393901705742,4.1716335545061156e-05,25.40431186100916,0.0013966745921874994,1.0,30.0,30.0,8.0,40.0
4,310,0.0006682362437601828,0.8102343082427979,0.0029143441934138536,0.037397291511297226,0.03158755600452423,1.9284365407656878e-05,25.31112591312114,0.0013966745921874994,1.0,30.0,30.0,8.0,40.0
4,320,0.001495287777661953,0.8101140856742859,0.0013947307597845793,0.03441571816802025,0.027747420594096184,1.9196266293874942e-05,25.218995564084626,0.0013966745921874994,1.0,30.0,30.0,8.0,40.0
4,330,0.0010424022663450584,0.8100968599319458,0.003978918306529522,0.03292720019817352,0.026697689667344093,2.1062896848889068e-05,25.27897471417388,0.0013966745921874994,1.0,30.0,30.0,8.0,40.0
4,340,0.005199826468959809,0.8101178407669067,0.002658857498317957,0.032280292361974716,0.025862202048301697,1.85569060704438e-05,25.224794280245113,0.0013966745921874994,1.0,30.0,30.0,8.0,40.0
4,350,0.002949545303724323,0.8101953268051147,0.00734281400218606,0.032318297773599625,0.027068011462688446,1.4665277376479935e-05,25.373727982822036,0.0013966745921874994,1.0,30.0,30.0,8.0,40.0
4,360,0.0009254200508571218,0.8101219534873962,0.0009548140224069357,0.03057393990457058,0.02452639862895012,1.7456508430768736e-05,25.122695665635998,0.0013966745921874994,1.0,30.0,30.0,8.0,40.0
4,370,0.0010581849637683167,0.8102368712425232,0.0035846868995577097,0.031044458970427513,0.026115329936146736,1.3291091818246059e-05,25.207933820622202,0.0013966745921874994,1.0,30.0,30.0,8.0,40.0
4,380,0.005604481753312592,0.8100242018699646,0.006364394444972277,0.03840389475226402,0.03219669312238693,9.149359539151192e-05,25.346662169943944,0.0013966745921874994,1.0,30.0,30.0,8.0,40.0
4,390,0.011298112408007887,0.8101676106452942,0.00043010013177990913,0.028483668342232704,0.023778041824698448,1.4881764400342945e-05,25.057314089467148,0.0013966745921874994,1.0,30.0,30.0,8.0,40.0
4,400,0.0021138456453176037,0.8100392818450928,0.0005725459777750075,0.033143702894449234,0.02746368758380413,6.559736357303336e-05,25.076912969371143,0.0013268408625781243,1.0,30.0,30.0,8.0,40.0
5,10,0.00977168697594084,0.8101445436477661,0.0014080583350732923,0.025625260546803474,0.02129550278186798,1.4815264876233414e-05,25.016072103241672,0.0013268408625781243,1.0,30.0,30.0,8.0,40.0
5,20,0.00350841043893124,0.8100212812423706,0.0007300499710254371,0.051816172897815704,0.04649844393134117,0.00014364863454829901,25.256436896603752,0.0013268408625781243,1.0,30.0,30.0,8.0,40.0
5,30,0.007573342033853517,0.8100694417953491,0.001850313856266439,0.02583404630422592,0.02102278172969818,2.975002098537516e-05,25.011197004561243,0.0013268408625781243,1.0,30.0,30.0,8.0,40.0
5,40,0.0009684146600247213,0.810059666633606,0.0053467475809156895,0.02506551519036293,0.020558804273605347,3.653407475212589e-05,25.086219744601483,0.0013268408625781243,1.0,30.0,30.0,8.0,40.0
5,50,0.000681848230652255,0.8104576468467712,0.0007412561681121588,0.03669621795415878,0.035096265375614166,3.592883513192646e-05,25.089361481695942,0.0013268408625781243,1.0,30.0,30.0,8.0,40.0
5,60,0.010327423264023392,0.810023307800293,0.001917368033900857,0.0492442287504673,0.04476324841380119,0.00012330403842497617,25.28903534785764,0.0013268408625781243,1.0,30.0,30.0,8.0,40.0
5,70,0.0013923325244411039,0.8105010390281677,0.0004446262901183218,0.032278966158628464,0.030562197789549828,4.371966497274116e-05,24.98798198839391,0.0013268408625781243,1.0,30.0,30.0,8.0,40.0
5,80,0.0030152070915459156,0.8101834654808044,0.0009137947345152497,0.019407736137509346,0.01569145731627941,1.2664930181927048e-05,24.850097622065103,0.0013268408625781243,1.0,30.0,30.0,8.0,40.0
5,90,0.0019101994036952838,0.8102529644966125,0.006638019811362028,0.01917174458503723,0.016501178964972496,1.0492307410459034e-05,25.006705580984757,0.0013268408625781243,1.0,30.0,30.0,8.0,40.0
5,100,0.009423780685990358,0.8101184964179993,0.004154881928116083,0.017088038846850395,0.014071107842028141,1.3512561963580083e-05,24.886680014629615,0.0013268408625781243,1.0,30.0,30.0,8.0,40.0
5,110,0.0064980608813235965,0.8100875616073608,0.0013345021288841963,0.017177211120724678,0.014147769659757614,1.9688794054673053e-05,24.787406660766475,0.0013268408625781243,1.0,30.0,30.0,8.0,40.0
5,120,0.00192250743677815,0.8101736307144165,0.001583127654157579,0.015752190724015236,0.013637158088386059,8.118303412629757e-06,24.75616717614614,0.0013268408625781243,1.0,30.0,30.0,8.0,40.0
5,130,0.006686517127944826,0.8101809620857239,0.0013213412603363395,0.014413285069167614,0.012408384121954441,6.887453764647944e-06,24.72747280626527,0.0013268408625781243,1.0,30.0,30.0,8.0,40.0
5,140,0.002808019492206451,0.8100734353065491,0.004954751580953598,0.01513622421771288,0.013180088251829147,2.322382715647109e-05,24.82911751469392,0.0013268408625781243,1.0,30.0,30.0,8.0,40.0
5,150,0.002501629785763311,0.8101419806480408,0.002318291924893856,0.013165962882339954,0.011209692806005478,8.10484380053822e-06,24.718274914368372,0.0013268408625781243,1.0,30.0,30.0,8.0,40.0
5,160,0.0013869733715336885,0.8102068901062012,0.00421094661578536,0.0134509252384305,0.011513003148138523,7.66356515669031e-06,24.771218987937953,0.0013268408625781243,1.0,30.0,30.0,8.0,40.0
5,170,0.005618976395219385,0.8101062774658203,0.0005204150802455842,0.012156860902905464,0.010615582577884197,1.1121183888462838e-05,24.626911744586998,0.0013268408625781243,1.0,30.0,30.0,8.0,40.0
5,180,0.008320681785383961,0.8100829720497131,0.0050859167240560055,0.012810494750738144,0.011475291103124619,1.8607885067467578e-05,24.765163734215143,0.0013268408625781243,1.0,30.0,30.0,8.0,40.0
5,190,0.0012567807132359355,0.8101187348365784,0.0010975510813295841,0.01085618045181036,0.009563442319631577,7.966674274939578e-06,24.607163724870375,0.0013268408625781243,1.0,30.0,30.0,8.0,40.0
5,200,0.005714754516976453,0.810239315032959,0.004797741770744324,0.01213655062019825,0.01069608423858881,8.643185537948739e-06,24.739907085187316,0.001260498819449218,1.0,30.0,30.0,8.0,40.0
5,210,0.008359768075270665,0.8101044297218323,0.0007851305999793112,0.009943624958395958,0.00915943831205368,8.80447532836115e-06,24.57461513604746,0.001260498819449218,1.0,30.0,30.0,8.0,40.0
5,220,0.003881010413354315,0.8100937604904175,0.006671862211078405,0.010571511462330818,0.00993368960916996,1.2269993931113277e-05,24.752674778100303,0.001260498819449218,1.0,30.0,30.0,8.0,40.0
5,230,0.013104483699672976,0.8101420998573303,0.002793080871924758,0.008962009102106094,0.008433911018073559,5.130828412802657e-06,24.61958851279614,0.001260498819449218,1.0,30.0,30.0,8.0,40.0
5,240,0.002089899105650027,0.8101329803466797,0.0024826566223055124,0.009137098677456379,0.00838672835379839,5.783314009022433e-06,24.586301501996367,0.001260498819449218,1.0,30.0,30.0,8.0,40.0
5,250,0.0015769453634681186,0.8101069927215576,0.0007255065138451755,0.008405974134802818,0.007804541848599911,6.938992555660661e-06,24.51802886634823,0.001260498819449218,1.0,30.0,30.0,8.0,40.0
5,260,0.0018681316595922696,0.810191810131073,0.001318411435931921,0.009606147184967995,0.00964270532131195,6.005743671266828e-06,24.552233388064394,0.001260498819449218,1.0,30.0,30.0,8.0,40.0
5,270,0.001040160949228741,0.8100535869598389,0.004005604889243841,0.013414673507213593,0.01213869173079729,1.8696600818657316e-05,24.71462273626815,0.001260498819449218,1.0,30.0,30.0,8.0,40.0
5,280,0.016886764516345524,0.8101217746734619,0.0001945837284438312,0.007783061824738979,0.007933993823826313,5.601093562290771e-06,24.505865512056733,0.001260498819449218,1.0,30.0,30.0,8.0,40.0
5,290,0.006658121570464318,0.8100975155830383,0.0014591346262022853,0.007704966235905886,0.007028928492218256,7.110674687282881e-06,24.51545262603747,0.001260498819449218,1.0,30.0,30.0,8.0,40.0
5,300,0.001511772556078637,0.8100755214691162,0.0026842509396374226,0.007659780792891979,0.007147539872676134,1.0889356417465024e-05,24.545924026254816,0.001260498819449218,1.0,30.0,30.0,8.0,40.0
5,310,0.002674188410209741,0.8101004362106323,0.002576252445578575,0.0076465243473649025,0.006966445129364729,6.922131433384493e-06,24.541702337573852,0.001260498819449218,1.0,30.0,30.0,8.0,40.0
5,320,0.0009949613577917293,0.8100901246070862,0.0013111100997775793,0.006529978942126036,0.0062243202701210976,7.543888386862818e-06,24.48191030888502,0.001260498819449218,1.0,30.0,30.0,8.0,40.0
5,330,0.00850048437554948,0.8101257681846619,0.003110173624008894,0.006845635361969471,0.006494468543678522,5.644442353514023e-06,24.543369076340827,0.001260498819449218,1.0,30.0,30.0,8.0,40.0
5,340,0.000867297993585268,0.8101106286048889,0.002300731372088194,0.005999219138175249,0.006003952585160732,5.508906269824365e-06,24.509064614280256,0.001260498819449218,1.0,30.0,30.0,8.0,40.0
5,350,0.002504496022064297,0.8101078271865845,0.004598620347678661,0.00685825664550066,0.006394602824002504,6.341735115711344e-06,24.58111999416267,0.001260498819449218,1.0,30.0,30.0,8.0,40.0
5,360,0.0008143885784300106,0.8100992441177368,0.0007792800897732377,0.005706109572201967,0.005472201853990555,6.009552180330502e-06,24.443574108566064,0.001260498819449218,1.0,30.0,30.0,8.0,40.0
5,370,0.011594904170324594,0.8101255297660828,0.0018462836742401123,0.005951475817710161,0.005788309033960104,5.259454610495595e-06,24.48644637410527,0.001260498819449218,1.0,30.0,30.0,8.0,40.0
5,380,0.004027515792852408,0.8101057410240173,0.0021500501316040754,0.0053156339563429356,0.005263506900519133,5.427060841611819e-06,24.487461876587343,0.001260498819449218,1.0,30.0,30.0,8.0,40.0
5,390,0.00285056044761509,0.8100970387458801,0.004251203034073114,0.006321682129055262,0.005888268351554871,6.643725555477431e-06,24.555977872036085,0.001260498819449218,1.0,30.0,30.0,8.0,40.0
5,400,0.0008734826309173289,0.8101043105125427,0.0008656376739963889,0.005006651394069195,0.004881523549556732,5.3056260185258e-06,24.431929801822303,0.001197473878476757,1.0,30.0,30.0,8.0,40.0
